[debug] [2026-08-09T07:04:14.543Z] ----------------------------------------------------------------------
[debug] [2026-08-09T07:04:14.545Z] Command:       C:\Program Files\nodejs\node.exe C:\Users\mrcso\AppData\Roaming\npm\node_modules\firebase-tools\lib\bin\firebase.js deploy --only database
[debug] [2026-08-09T07:04:14.545Z] CLI Version:   15.26.0
[debug] [2026-08-09T07:04:14.545Z] Platform:      win32
[debug] [2026-08-09T07:04:14.545Z] Node Version:  v24.15.0
[debug] [2026-08-09T07:04:14.545Z] Detected Agent: codex_cli
[debug] [2026-08-09T07:04:14.546Z] Time:          Sun Aug 09 2026 09:04:14 GMT+0200 (közép-európai nyári idő)
[debug] [2026-08-09T07:04:14.546Z] ----------------------------------------------------------------------
[debug] 
[debug] [2026-08-09T07:04:33.107Z] > command requires scopes: ["email","openid","https://www.googleapis.com/auth/cloudplatformprojects.readonly","https://www.googleapis.com/auth/firebase","https://www.googleapis.com/auth/cloud-platform"]
[debug] [2026-08-09T07:04:33.107Z] > authorizing via signed-in user (mr.csocsics@gmail.com)
[debug] [2026-08-09T07:04:33.107Z] [iam] checking project ball-of-duty-hq for permissions ["firebase.projects.get","firebasedatabase.instances.update"]
[debug] [2026-08-09T07:04:33.115Z] Checked if tokens are valid: false, expires at: 1786177911420
[debug] [2026-08-09T07:04:33.116Z] Checked if tokens are valid: false, expires at: 1786177911420
[debug] [2026-08-09T07:04:33.116Z] > refreshing access token with scopes: []
[debug] [2026-08-09T07:04:33.117Z] >>> [apiv2][query] POST https://www.googleapis.com/oauth2/v3/token [none]
[debug] [2026-08-09T07:04:33.117Z] >>> [apiv2][body] POST https://www.googleapis.com/oauth2/v3/token [omitted]
[debug] [2026-08-09T07:04:33.325Z] <<< [apiv2][status] POST https://www.googleapis.com/oauth2/v3/token 200
[debug] [2026-08-09T07:04:33.325Z] <<< [apiv2][body] POST https://www.googleapis.com/oauth2/v3/token [omitted]
[debug] [2026-08-09T07:04:33.335Z] >>> [apiv2][query] POST https://cloudresourcemanager.googleapis.com/v1/projects/ball-of-duty-hq:testIamPermissions [none]
[debug] [2026-08-09T07:04:33.335Z] >>> [apiv2][(partial)header] POST https://cloudresourcemanager.googleapis.com/v1/projects/ball-of-duty-hq:testIamPermissions  x-goog-user-project=ball-of-duty-hq
[debug] [2026-08-09T07:04:33.336Z] >>> [apiv2][body] POST https://cloudresourcemanager.googleapis.com/v1/projects/ball-of-duty-hq:testIamPermissions {"permissions":["firebase.projects.get","firebasedatabase.instances.update"]}
[debug] [2026-08-09T07:04:34.303Z] <<< [apiv2][status] POST https://cloudresourcemanager.googleapis.com/v1/projects/ball-of-duty-hq:testIamPermissions 200
[debug] [2026-08-09T07:04:34.303Z] <<< [apiv2][body] POST https://cloudresourcemanager.googleapis.com/v1/projects/ball-of-duty-hq:testIamPermissions {"permissions":["firebase.projects.get","firebasedatabase.instances.update"]}
[debug] [2026-08-09T07:04:34.304Z] Checked if tokens are valid: true, expires at: 1786262672325
[debug] [2026-08-09T07:04:34.304Z] Checked if tokens are valid: true, expires at: 1786262672325
[debug] [2026-08-09T07:04:34.304Z] >>> [apiv2][query] GET https://firebase.googleapis.com/v1beta1/projects/ball-of-duty-hq [none]
[debug] [2026-08-09T07:04:34.766Z] <<< [apiv2][status] GET https://firebase.googleapis.com/v1beta1/projects/ball-of-duty-hq 200
[debug] [2026-08-09T07:04:34.766Z] <<< [apiv2][body] GET https://firebase.googleapis.com/v1beta1/projects/ball-of-duty-hq {"projectId":"ball-of-duty-hq","projectNumber":"314051599258","displayName":"Ball of Duty HQ","name":"projects/ball-of-duty-hq","resources":{"hostingSite":"ball-of-duty-hq","realtimeDatabaseInstance":"ball-of-duty-hq-default-rtdb"},"state":"ACTIVE","labels":{"firebase":"enabled"},"etag":"1_b6702439-0a9e-48ff-8f05-a8587da38dd8"}
[info] 
[info] === Deploying to 'ball-of-duty-hq'...
[info] 
[info] i  deploying database 
[info] i  database: checking rules syntax... 
[debug] [2026-08-09T07:04:34.768Z] Checked if tokens are valid: true, expires at: 1786262672325
[debug] [2026-08-09T07:04:34.768Z] Checked if tokens are valid: true, expires at: 1786262672325
[debug] [2026-08-09T07:04:34.768Z] >>> [apiv2][query] GET https://firebasedatabase.googleapis.com/v1beta/projects/ball-of-duty-hq/locations/-/instances/ball-of-duty-hq-default-rtdb [none]
[debug] [2026-08-09T07:04:35.871Z] <<< [apiv2][status] GET https://firebasedatabase.googleapis.com/v1beta/projects/ball-of-duty-hq/locations/-/instances/ball-of-duty-hq-default-rtdb 200
[debug] [2026-08-09T07:04:35.871Z] <<< [apiv2][body] GET https://firebasedatabase.googleapis.com/v1beta/projects/ball-of-duty-hq/locations/-/instances/ball-of-duty-hq-default-rtdb {"name":"projects/314051599258/locations/europe-west1/instances/ball-of-duty-hq-default-rtdb","project":"projects/314051599258","databaseUrl":"https://ball-of-duty-hq-default-rtdb.europe-west1.firebasedatabase.app","type":"DEFAULT_DATABASE","state":"ACTIVE"}
[debug] [2026-08-09T07:04:35.871Z] Checked if tokens are valid: true, expires at: 1786262672325
[debug] [2026-08-09T07:04:35.871Z] Checked if tokens are valid: true, expires at: 1786262672325
[debug] [2026-08-09T07:04:35.871Z] >>> [apiv2][query] PUT https://ball-of-duty-hq-default-rtdb.europe-west1.firebasedatabase.app/.settings/rules.json dryRun=true
[debug] [2026-08-09T07:04:35.871Z] >>> [apiv2][body] PUT https://ball-of-duty-hq-default-rtdb.europe-west1.firebasedatabase.app/.settings/rules.json "{\n  \"rules\": {\n    \".read\": false,\n    \".write\": false,\n    \"players\": {\n      \".read\": \"auth != null\",\n      \".write\": \"auth != null && auth.token.admin === true\"\n    },\n    \"seasons\": {\n      \".read\": \"auth != null\",\n      \".write\": \"auth != null && auth.token.admin === true\"\n    },\n    \"matches\": {\n      \".read\": \"auth != null\",\n      \".write\": \"auth != null && auth.token.admin === true\"\n    },\n    \"discordPolls\": {\n      \".read\": \"auth != null\",\n      \".write\": false\n    },\n    \"discordVotes\": {\n      \".read\": \"auth != null && auth.token.admin === true\",\n      \".write\": false\n    },\n    \"settings\": {\n      \".read\": \"auth != null && auth.token.admin === true\",\n      \".write\": \"auth != null && auth.token.admin === true\"\n    },\n    \"users\": {\n      \"$uid\": {\n        \".read\": \"auth != null && (auth.uid === $uid || auth.token.admin === true)\",\n        \".write\": \"auth != null && (auth.uid === $uid || auth.token.admin === true)\",\n        \"admin\": {\n          \".validate\": \"auth.token.admin === true\"\n        },\n        \"role\": {\n          \".validate\": \"auth.token.admin === true\"\n        }\n      }\n    }\n  }\n}\n"
[debug] [2026-08-09T07:04:36.162Z] <<< [apiv2][status] PUT https://ball-of-duty-hq-default-rtdb.europe-west1.firebasedatabase.app/.settings/rules.json 200
[debug] [2026-08-09T07:04:36.162Z] <<< [apiv2][body] PUT https://ball-of-duty-hq-default-rtdb.europe-west1.firebasedatabase.app/.settings/rules.json {"status":"ok"}
[info] +  database: rules syntax for database ball-of-duty-hq-default-rtdb is valid 
[info] i  database: releasing rules... 
[debug] [2026-08-09T07:04:36.163Z] Checked if tokens are valid: true, expires at: 1786262672325
[debug] [2026-08-09T07:04:36.163Z] Checked if tokens are valid: true, expires at: 1786262672325
[debug] [2026-08-09T07:04:36.163Z] >>> [apiv2][query] GET https://firebasedatabase.googleapis.com/v1beta/projects/ball-of-duty-hq/locations/-/instances/ball-of-duty-hq-default-rtdb [none]
[debug] [2026-08-09T07:04:36.488Z] <<< [apiv2][status] GET https://firebasedatabase.googleapis.com/v1beta/projects/ball-of-duty-hq/locations/-/instances/ball-of-duty-hq-default-rtdb 200
[debug] [2026-08-09T07:04:36.489Z] <<< [apiv2][body] GET https://firebasedatabase.googleapis.com/v1beta/projects/ball-of-duty-hq/locations/-/instances/ball-of-duty-hq-default-rtdb {"name":"projects/314051599258/locations/europe-west1/instances/ball-of-duty-hq-default-rtdb","project":"projects/314051599258","databaseUrl":"https://ball-of-duty-hq-default-rtdb.europe-west1.firebasedatabase.app","type":"DEFAULT_DATABASE","state":"ACTIVE"}
[debug] [2026-08-09T07:04:36.489Z] Checked if tokens are valid: true, expires at: 1786262672325
[debug] [2026-08-09T07:04:36.489Z] Checked if tokens are valid: true, expires at: 1786262672325
[debug] [2026-08-09T07:04:36.489Z] >>> [apiv2][query] PUT https://ball-of-duty-hq-default-rtdb.europe-west1.firebasedatabase.app/.settings/rules.json 
[debug] [2026-08-09T07:04:36.489Z] >>> [apiv2][body] PUT https://ball-of-duty-hq-default-rtdb.europe-west1.firebasedatabase.app/.settings/rules.json "{\n  \"rules\": {\n    \".read\": false,\n    \".write\": false,\n    \"players\": {\n      \".read\": \"auth != null\",\n      \".write\": \"auth != null && auth.token.admin === true\"\n    },\n    \"seasons\": {\n      \".read\": \"auth != null\",\n      \".write\": \"auth != null && auth.token.admin === true\"\n    },\n    \"matches\": {\n      \".read\": \"auth != null\",\n      \".write\": \"auth != null && auth.token.admin === true\"\n    },\n    \"discordPolls\": {\n      \".read\": \"auth != null\",\n      \".write\": false\n    },\n    \"discordVotes\": {\n      \".read\": \"auth != null && auth.token.admin === true\",\n      \".write\": false\n    },\n    \"settings\": {\n      \".read\": \"auth != null && auth.token.admin === true\",\n      \".write\": \"auth != null && auth.token.admin === true\"\n    },\n    \"users\": {\n      \"$uid\": {\n        \".read\": \"auth != null && (auth.uid === $uid || auth.token.admin === true)\",\n        \".write\": \"auth != null && (auth.uid === $uid || auth.token.admin === true)\",\n        \"admin\": {\n          \".validate\": \"auth.token.admin === true\"\n        },\n        \"role\": {\n          \".validate\": \"auth.token.admin === true\"\n        }\n      }\n    }\n  }\n}\n"
[debug] [2026-08-09T07:04:36.765Z] <<< [apiv2][status] PUT https://ball-of-duty-hq-default-rtdb.europe-west1.firebasedatabase.app/.settings/rules.json 200
[debug] [2026-08-09T07:04:36.765Z] <<< [apiv2][body] PUT https://ball-of-duty-hq-default-rtdb.europe-west1.firebasedatabase.app/.settings/rules.json {"status":"ok"}
[info] +  database: rules for database ball-of-duty-hq-default-rtdb released successfully 
[info] 
[info] +  Deploy complete! 
[info] 
[info] Project Console: https://console.firebase.google.com/project/ball-of-duty-hq/overview
[debug] [2026-08-09T07:08:17.911Z] ----------------------------------------------------------------------
[debug] [2026-08-09T07:08:17.913Z] Command:       C:\Program Files\nodejs\node.exe C:\Users\mrcso\AppData\Roaming\npm\node_modules\firebase-tools\lib\bin\firebase.js deploy --only hosting
[debug] [2026-08-09T07:08:17.913Z] CLI Version:   15.26.0
[debug] [2026-08-09T07:08:17.913Z] Platform:      win32
[debug] [2026-08-09T07:08:17.913Z] Node Version:  v24.15.0
[debug] [2026-08-09T07:08:17.914Z] Detected Agent: codex_cli
[debug] [2026-08-09T07:08:17.914Z] Time:          Sun Aug 09 2026 09:08:17 GMT+0200 (közép-európai nyári idő)
[debug] [2026-08-09T07:08:17.914Z] ----------------------------------------------------------------------
[debug] 
[debug] [2026-08-09T07:08:18.738Z] > command requires scopes: ["email","openid","https://www.googleapis.com/auth/cloudplatformprojects.readonly","https://www.googleapis.com/auth/firebase","https://www.googleapis.com/auth/cloud-platform"]
[debug] [2026-08-09T07:08:18.738Z] > authorizing via signed-in user (mr.csocsics@gmail.com)
[debug] [2026-08-09T07:08:18.738Z] [iam] checking project ball-of-duty-hq for permissions ["firebase.projects.get","firebasehosting.sites.update"]
[debug] [2026-08-09T07:08:18.746Z] Checked if tokens are valid: true, expires at: 1786262672325
[debug] [2026-08-09T07:08:18.746Z] Checked if tokens are valid: true, expires at: 1786262672325
[debug] [2026-08-09T07:08:18.747Z] >>> [apiv2][query] POST https://cloudresourcemanager.googleapis.com/v1/projects/ball-of-duty-hq:testIamPermissions [none]
[debug] [2026-08-09T07:08:18.747Z] >>> [apiv2][(partial)header] POST https://cloudresourcemanager.googleapis.com/v1/projects/ball-of-duty-hq:testIamPermissions  x-goog-user-project=ball-of-duty-hq
[debug] [2026-08-09T07:08:18.747Z] >>> [apiv2][body] POST https://cloudresourcemanager.googleapis.com/v1/projects/ball-of-duty-hq:testIamPermissions {"permissions":["firebase.projects.get","firebasehosting.sites.update"]}
[debug] [2026-08-09T07:08:19.735Z] <<< [apiv2][status] POST https://cloudresourcemanager.googleapis.com/v1/projects/ball-of-duty-hq:testIamPermissions 200
[debug] [2026-08-09T07:08:19.735Z] <<< [apiv2][body] POST https://cloudresourcemanager.googleapis.com/v1/projects/ball-of-duty-hq:testIamPermissions {"permissions":["firebase.projects.get","firebasehosting.sites.update"]}
[debug] [2026-08-09T07:08:19.736Z] Checked if tokens are valid: true, expires at: 1786262672325
[debug] [2026-08-09T07:08:19.736Z] Checked if tokens are valid: true, expires at: 1786262672325
[debug] [2026-08-09T07:08:19.736Z] >>> [apiv2][query] GET https://firebase.googleapis.com/v1beta1/projects/ball-of-duty-hq [none]
[debug] [2026-08-09T07:08:20.199Z] <<< [apiv2][status] GET https://firebase.googleapis.com/v1beta1/projects/ball-of-duty-hq 200
[debug] [2026-08-09T07:08:20.199Z] <<< [apiv2][body] GET https://firebase.googleapis.com/v1beta1/projects/ball-of-duty-hq {"projectId":"ball-of-duty-hq","projectNumber":"314051599258","displayName":"Ball of Duty HQ","name":"projects/ball-of-duty-hq","resources":{"hostingSite":"ball-of-duty-hq","realtimeDatabaseInstance":"ball-of-duty-hq-default-rtdb"},"state":"ACTIVE","labels":{"firebase":"enabled"},"etag":"1_b6702439-0a9e-48ff-8f05-a8587da38dd8"}
[info] 
[info] === Deploying to 'ball-of-duty-hq'...
[info] 
[info] i  deploying hosting 
[debug] [2026-08-09T07:08:20.201Z] Checked if tokens are valid: true, expires at: 1786262672325
[debug] [2026-08-09T07:08:20.201Z] Checked if tokens are valid: true, expires at: 1786262672325
[debug] [2026-08-09T07:08:20.201Z] >>> [apiv2][query] GET https://firebasehosting.googleapis.com/v1beta1/projects/ball-of-duty-hq/sites/ball-of-duty-hq [none]
[debug] [2026-08-09T07:08:21.397Z] <<< [apiv2][status] GET https://firebasehosting.googleapis.com/v1beta1/projects/ball-of-duty-hq/sites/ball-of-duty-hq 200
[debug] [2026-08-09T07:08:21.397Z] <<< [apiv2][body] GET https://firebasehosting.googleapis.com/v1beta1/projects/ball-of-duty-hq/sites/ball-of-duty-hq {"name":"projects/ball-of-duty-hq/sites/ball-of-duty-hq","defaultUrl":"https://ball-of-duty-hq.web.app","appId":"1:314051599258:web:8b1732ebf9aaadc9b4b823","type":"DEFAULT_SITE"}
[debug] [2026-08-09T07:08:21.400Z] Checked if tokens are valid: true, expires at: 1786262672325
[debug] [2026-08-09T07:08:21.400Z] Checked if tokens are valid: true, expires at: 1786262672325
[debug] [2026-08-09T07:08:21.401Z] >>> [apiv2][query] POST https://firebasehosting.googleapis.com/v1beta1/projects/-/sites/ball-of-duty-hq/versions [none]
[debug] [2026-08-09T07:08:21.401Z] >>> [apiv2][body] POST https://firebasehosting.googleapis.com/v1beta1/projects/-/sites/ball-of-duty-hq/versions {"status":"CREATED","labels":{"deployment-tool":"cli-firebase"}}
[debug] [2026-08-09T07:08:24.004Z] <<< [apiv2][status] POST https://firebasehosting.googleapis.com/v1beta1/projects/-/sites/ball-of-duty-hq/versions 200
[debug] [2026-08-09T07:08:24.004Z] <<< [apiv2][body] POST https://firebasehosting.googleapis.com/v1beta1/projects/-/sites/ball-of-duty-hq/versions {"name":"projects/314051599258/sites/ball-of-duty-hq/versions/3364c4e1473a5a91","status":"CREATED","config":{},"labels":{"deployment-tool":"cli-firebase"}}
[info] i  hosting[ball-of-duty-hq]: beginning deploy... 
[info] i  hosting[ball-of-duty-hq]: found 3 files in dist 
[debug] [2026-08-09T07:08:24.010Z] [hosting] uploading with 200 concurrency
[debug] [2026-08-09T07:08:24.011Z] [hosting] hash cache [ZGlzdA] not populated
[debug] [2026-08-09T07:08:24.030Z] Checked if tokens are valid: true, expires at: 1786262672325
[debug] [2026-08-09T07:08:24.031Z] Checked if tokens are valid: true, expires at: 1786262672325
[debug] [2026-08-09T07:08:24.032Z] [hosting] hash cache [ZGlzdA] stored for 3 files
[debug] [2026-08-09T07:08:24.032Z] [hosting][hash queue][FINAL] {"max":18,"min":4,"avg":8.666666666666666,"active":0,"complete":3,"success":3,"errored":0,"retried":0,"total":3,"elapsed":21}
[debug] [2026-08-09T07:08:24.032Z] >>> [apiv2][query] POST https://firebasehosting.googleapis.com/v1beta1/projects/314051599258/sites/ball-of-duty-hq/versions/3364c4e1473a5a91:populateFiles [none]
[debug] [2026-08-09T07:08:24.032Z] >>> [apiv2][body] POST https://firebasehosting.googleapis.com/v1beta1/projects/314051599258/sites/ball-of-duty-hq/versions/3364c4e1473a5a91:populateFiles {"files":{"/index.html":"504e35e81ae157dbec949b6746ec29594831f15a1c55fe44c6815562c205b92f","/assets/index-DfVHtcjY.css":"0501e2e35e6babfff9f62deed71d560d0c23a9771c2b54c4de60b5bcf9a63dbd","/assets/index-ZowF_jT8.js":"d302b4494ca774cb5bc457470531197ed82511891fae086a9dbb829208028ed9"}}
[debug] [2026-08-09T07:08:24.972Z] <<< [apiv2][status] POST https://firebasehosting.googleapis.com/v1beta1/projects/314051599258/sites/ball-of-duty-hq/versions/3364c4e1473a5a91:populateFiles 200
[debug] [2026-08-09T07:08:24.972Z] <<< [apiv2][body] POST https://firebasehosting.googleapis.com/v1beta1/projects/314051599258/sites/ball-of-duty-hq/versions/3364c4e1473a5a91:populateFiles {"uploadRequiredHashes":["504e35e81ae157dbec949b6746ec29594831f15a1c55fe44c6815562c205b92f","0501e2e35e6babfff9f62deed71d560d0c23a9771c2b54c4de60b5bcf9a63dbd","d302b4494ca774cb5bc457470531197ed82511891fae086a9dbb829208028ed9"],"uploadUrl":"https://upload-firebasehosting.googleapis.com/upload/sites/ball-of-duty-hq/versions/3364c4e1473a5a91/files"}
[debug] [2026-08-09T07:08:24.972Z] Checked if tokens are valid: true, expires at: 1786262672325
[debug] [2026-08-09T07:08:24.972Z] Checked if tokens are valid: true, expires at: 1786262672325
[debug] [2026-08-09T07:08:24.972Z] Checked if tokens are valid: true, expires at: 1786262672325
[debug] [2026-08-09T07:08:24.972Z] Checked if tokens are valid: true, expires at: 1786262672325
[debug] [2026-08-09T07:08:24.972Z] Checked if tokens are valid: true, expires at: 1786262672325
[debug] [2026-08-09T07:08:24.972Z] Checked if tokens are valid: true, expires at: 1786262672325
[debug] [2026-08-09T07:08:24.972Z] >>> [apiv2][query] POST https://upload-firebasehosting.googleapis.com/upload/sites/ball-of-duty-hq/versions/3364c4e1473a5a91/files/504e35e81ae157dbec949b6746ec29594831f15a1c55fe44c6815562c205b92f [none]
[debug] [2026-08-09T07:08:24.972Z] >>> [apiv2][body] POST https://upload-firebasehosting.googleapis.com/upload/sites/ball-of-duty-hq/versions/3364c4e1473a5a91/files/504e35e81ae157dbec949b6746ec29594831f15a1c55fe44c6815562c205b92f [stream]
[debug] [2026-08-09T07:08:24.973Z] >>> [apiv2][query] POST https://upload-firebasehosting.googleapis.com/upload/sites/ball-of-duty-hq/versions/3364c4e1473a5a91/files/0501e2e35e6babfff9f62deed71d560d0c23a9771c2b54c4de60b5bcf9a63dbd [none]
[debug] [2026-08-09T07:08:24.973Z] >>> [apiv2][body] POST https://upload-firebasehosting.googleapis.com/upload/sites/ball-of-duty-hq/versions/3364c4e1473a5a91/files/0501e2e35e6babfff9f62deed71d560d0c23a9771c2b54c4de60b5bcf9a63dbd [stream]
[debug] [2026-08-09T07:08:24.973Z] >>> [apiv2][query] POST https://upload-firebasehosting.googleapis.com/upload/sites/ball-of-duty-hq/versions/3364c4e1473a5a91/files/d302b4494ca774cb5bc457470531197ed82511891fae086a9dbb829208028ed9 [none]
[debug] [2026-08-09T07:08:24.973Z] >>> [apiv2][body] POST https://upload-firebasehosting.googleapis.com/upload/sites/ball-of-duty-hq/versions/3364c4e1473a5a91/files/d302b4494ca774cb5bc457470531197ed82511891fae086a9dbb829208028ed9 [stream]
[debug] [2026-08-09T07:08:24.975Z] [hosting][populate queue][FINAL] {"max":942,"min":942,"avg":942,"active":0,"complete":1,"success":1,"errored":0,"retried":0,"total":1,"elapsed":945}
[debug] [2026-08-09T07:08:24.975Z] [hosting] uploads queued: 3
[debug] [2026-08-09T07:08:25.961Z] <<< [apiv2][status] POST https://upload-firebasehosting.googleapis.com/upload/sites/ball-of-duty-hq/versions/3364c4e1473a5a91/files/504e35e81ae157dbec949b6746ec29594831f15a1c55fe44c6815562c205b92f 200
[debug] [2026-08-09T07:08:25.961Z] <<< [apiv2][body] POST https://upload-firebasehosting.googleapis.com/upload/sites/ball-of-duty-hq/versions/3364c4e1473a5a91/files/504e35e81ae157dbec949b6746ec29594831f15a1c55fe44c6815562c205b92f [stream]
[info] i  hosting: uploading new files [1/3] (33%) 
[debug] [2026-08-09T07:08:26.100Z] <<< [apiv2][status] POST https://upload-firebasehosting.googleapis.com/upload/sites/ball-of-duty-hq/versions/3364c4e1473a5a91/files/0501e2e35e6babfff9f62deed71d560d0c23a9771c2b54c4de60b5bcf9a63dbd 200
[debug] [2026-08-09T07:08:26.100Z] <<< [apiv2][body] POST https://upload-firebasehosting.googleapis.com/upload/sites/ball-of-duty-hq/versions/3364c4e1473a5a91/files/0501e2e35e6babfff9f62deed71d560d0c23a9771c2b54c4de60b5bcf9a63dbd [stream]
[debug] [2026-08-09T07:08:26.225Z] <<< [apiv2][status] POST https://upload-firebasehosting.googleapis.com/upload/sites/ball-of-duty-hq/versions/3364c4e1473a5a91/files/d302b4494ca774cb5bc457470531197ed82511891fae086a9dbb829208028ed9 200
[debug] [2026-08-09T07:08:26.225Z] <<< [apiv2][body] POST https://upload-firebasehosting.googleapis.com/upload/sites/ball-of-duty-hq/versions/3364c4e1473a5a91/files/d302b4494ca774cb5bc457470531197ed82511891fae086a9dbb829208028ed9 [stream]
[debug] [2026-08-09T07:08:26.226Z] [hosting][upload queue][FINAL] {"max":1253,"min":989,"avg":1123.3333333333333,"active":0,"complete":3,"success":3,"errored":0,"retried":0,"total":3,"elapsed":1254}
[info] i  hosting: upload complete 
[info] +  hosting[ball-of-duty-hq]: file upload complete 
[debug] [2026-08-09T07:08:26.226Z] [hosting] deploy completed after 2220ms
[debug] [2026-08-09T07:08:26.226Z] [
  {
    "config": {
      "public": "dist",
      "ignore": [
        "firebase.json",
        "**/.*",
        "**/node_modules/**"
      ],
      "rewrites": [
        {
          "source": "**",
          "destination": "/index.html"
        }
      ],
      "site": "ball-of-duty-hq"
    },
    "version": "projects/314051599258/sites/ball-of-duty-hq/versions/3364c4e1473a5a91"
  }
]
[info] i  hosting[ball-of-duty-hq]: finalizing version... 
[debug] [2026-08-09T07:08:26.227Z] Checked if tokens are valid: true, expires at: 1786262672325
[debug] [2026-08-09T07:08:26.227Z] Checked if tokens are valid: true, expires at: 1786262672325
[debug] [2026-08-09T07:08:26.227Z] >>> [apiv2][query] PATCH https://firebasehosting.googleapis.com/v1beta1/projects/-/sites/ball-of-duty-hq/versions/3364c4e1473a5a91 updateMask=status%2Cconfig
[debug] [2026-08-09T07:08:26.227Z] >>> [apiv2][body] PATCH https://firebasehosting.googleapis.com/v1beta1/projects/-/sites/ball-of-duty-hq/versions/3364c4e1473a5a91 {"status":"FINALIZED","config":{"rewrites":[{"glob":"**","path":"/index.html"}]}}
[debug] [2026-08-09T07:08:27.682Z] <<< [apiv2][status] PATCH https://firebasehosting.googleapis.com/v1beta1/projects/-/sites/ball-of-duty-hq/versions/3364c4e1473a5a91 200
[debug] [2026-08-09T07:08:27.682Z] <<< [apiv2][body] PATCH https://firebasehosting.googleapis.com/v1beta1/projects/-/sites/ball-of-duty-hq/versions/3364c4e1473a5a91 {"name":"projects/314051599258/sites/ball-of-duty-hq/versions/3364c4e1473a5a91","status":"FINALIZED","config":{"rewrites":[{"glob":"**","path":"/index.html"}]},"labels":{"deployment-tool":"cli-firebase"},"createTime":"2026-08-09T07:08:23.956292Z","createUser":{"email":"mr.csocsics@gmail.com"},"finalizeTime":"2026-08-09T07:08:29.418866Z","finalizeUser":{"email":"mr.csocsics@gmail.com"}}
[debug] [2026-08-09T07:08:27.682Z] [hosting] finalized version for ball-of-duty-hq:[object Object]
[info] +  hosting[ball-of-duty-hq]: version finalized 
[info] i  hosting[ball-of-duty-hq]: releasing new version... 
[debug] [2026-08-09T07:08:27.682Z] Checked if tokens are valid: true, expires at: 1786262672325
[debug] [2026-08-09T07:08:27.682Z] Checked if tokens are valid: true, expires at: 1786262672325
[debug] [2026-08-09T07:08:27.682Z] >>> [apiv2][query] POST https://firebasehosting.googleapis.com/v1beta1/projects/-/sites/ball-of-duty-hq/channels/live/releases versionName=projects%2F314051599258%2Fsites%2Fball-of-duty-hq%2Fversions%2F3364c4e1473a5a91
[debug] [2026-08-09T07:08:27.682Z] >>> [apiv2][body] POST https://firebasehosting.googleapis.com/v1beta1/projects/-/sites/ball-of-duty-hq/channels/live/releases {}
[debug] [2026-08-09T07:08:28.863Z] <<< [apiv2][status] POST https://firebasehosting.googleapis.com/v1beta1/projects/-/sites/ball-of-duty-hq/channels/live/releases 200
[debug] [2026-08-09T07:08:28.863Z] <<< [apiv2][body] POST https://firebasehosting.googleapis.com/v1beta1/projects/-/sites/ball-of-duty-hq/channels/live/releases {"name":"projects/314051599258/sites/ball-of-duty-hq/channels/live/releases/1786259309654000","version":{"name":"projects/314051599258/sites/ball-of-duty-hq/versions/3364c4e1473a5a91","status":"FINALIZED","config":{"rewrites":[{"glob":"**","path":"/index.html"}]},"labels":{"deployment-tool":"cli-firebase"},"createTime":"2026-08-09T07:08:23.956292Z","createUser":{"email":"mr.csocsics@gmail.com","imageUrl":"https://lh3.googleusercontent.com/a/ACg8ocIxNTph7K1UbdrbLlqMPLDLLxPA2PgbAv5CUOcgXJ6IiL3Sag=mo"},"finalizeTime":"2026-08-09T07:08:29.418866Z","finalizeUser":{"email":"mr.csocsics@gmail.com","imageUrl":"https://lh3.googleusercontent.com/a/ACg8ocIxNTph7K1UbdrbLlqMPLDLLxPA2PgbAv5CUOcgXJ6IiL3Sag=mo"}},"type":"DEPLOY","releaseTime":"2026-08-09T07:08:29.654Z","releaseUser":{"email":"mr.csocsics@gmail.com","imageUrl":"https://lh3.googleusercontent.com/a/ACg8ocIxNTph7K1UbdrbLlqMPLDLLxPA2PgbAv5CUOcgXJ6IiL3Sag=mo"}}
[debug] [2026-08-09T07:08:28.863Z] [hosting] release: {"name":"projects/314051599258/sites/ball-of-duty-hq/channels/live/releases/1786259309654000","version":{"name":"projects/314051599258/sites/ball-of-duty-hq/versions/3364c4e1473a5a91","status":"FINALIZED","config":{"rewrites":[{"glob":"**","path":"/index.html"}]},"labels":{"deployment-tool":"cli-firebase"},"createTime":"2026-08-09T07:08:23.956292Z","createUser":{"email":"mr.csocsics@gmail.com","imageUrl":"https://lh3.googleusercontent.com/a/ACg8ocIxNTph7K1UbdrbLlqMPLDLLxPA2PgbAv5CUOcgXJ6IiL3Sag=mo"},"finalizeTime":"2026-08-09T07:08:29.418866Z","finalizeUser":{"email":"mr.csocsics@gmail.com","imageUrl":"https://lh3.googleusercontent.com/a/ACg8ocIxNTph7K1UbdrbLlqMPLDLLxPA2PgbAv5CUOcgXJ6IiL3Sag=mo"}},"type":"DEPLOY","releaseTime":"2026-08-09T07:08:29.654Z","releaseUser":{"email":"mr.csocsics@gmail.com","imageUrl":"https://lh3.googleusercontent.com/a/ACg8ocIxNTph7K1UbdrbLlqMPLDLLxPA2PgbAv5CUOcgXJ6IiL3Sag=mo"}}
[info] +  hosting[ball-of-duty-hq]: release complete 
[info] 
[info] +  Deploy complete! 
[info] 
[info] Project Console: https://console.firebase.google.com/project/ball-of-duty-hq/overview
[info] Hosting URL: https://ball-of-duty-hq.web.app
[debug] [2026-08-09T07:12:31.632Z] ----------------------------------------------------------------------
[debug] [2026-08-09T07:12:31.633Z] Command:       C:\Program Files\nodejs\node.exe C:\Users\mrcso\AppData\Roaming\npm\node_modules\firebase-tools\lib\bin\firebase.js deploy --only hosting database
[debug] [2026-08-09T07:12:31.634Z] CLI Version:   15.26.0
[debug] [2026-08-09T07:12:31.634Z] Platform:      win32
[debug] [2026-08-09T07:12:31.634Z] Node Version:  v24.15.0
[debug] [2026-08-09T07:12:31.634Z] Detected Agent: codex_cli
[debug] [2026-08-09T07:12:31.634Z] Time:          Sun Aug 09 2026 09:12:31 GMT+0200 (közép-európai nyári idő)
[debug] [2026-08-09T07:12:31.634Z] ----------------------------------------------------------------------
[debug] 
[debug] [2026-08-09T07:12:32.409Z] > command requires scopes: ["email","openid","https://www.googleapis.com/auth/cloudplatformprojects.readonly","https://www.googleapis.com/auth/firebase","https://www.googleapis.com/auth/cloud-platform"]
[debug] [2026-08-09T07:12:32.409Z] > authorizing via signed-in user (mr.csocsics@gmail.com)
[debug] [2026-08-09T07:12:32.409Z] [iam] checking project ball-of-duty-hq for permissions ["firebase.projects.get","firebasedatabase.instances.update","firebasehosting.sites.update"]
[debug] [2026-08-09T07:12:32.416Z] Checked if tokens are valid: true, expires at: 1786262672325
[debug] [2026-08-09T07:12:32.416Z] Checked if tokens are valid: true, expires at: 1786262672325
[debug] [2026-08-09T07:12:32.417Z] >>> [apiv2][query] POST https://cloudresourcemanager.googleapis.com/v1/projects/ball-of-duty-hq:testIamPermissions [none]
[debug] [2026-08-09T07:12:32.417Z] >>> [apiv2][(partial)header] POST https://cloudresourcemanager.googleapis.com/v1/projects/ball-of-duty-hq:testIamPermissions  x-goog-user-project=ball-of-duty-hq
[debug] [2026-08-09T07:12:32.417Z] >>> [apiv2][body] POST https://cloudresourcemanager.googleapis.com/v1/projects/ball-of-duty-hq:testIamPermissions {"permissions":["firebase.projects.get","firebasedatabase.instances.update","firebasehosting.sites.update"]}
[debug] [2026-08-09T07:12:33.442Z] <<< [apiv2][status] POST https://cloudresourcemanager.googleapis.com/v1/projects/ball-of-duty-hq:testIamPermissions 200
[debug] [2026-08-09T07:12:33.442Z] <<< [apiv2][body] POST https://cloudresourcemanager.googleapis.com/v1/projects/ball-of-duty-hq:testIamPermissions {"permissions":["firebase.projects.get","firebasedatabase.instances.update","firebasehosting.sites.update"]}
[debug] [2026-08-09T07:12:33.443Z] Checked if tokens are valid: true, expires at: 1786262672325
[debug] [2026-08-09T07:12:33.443Z] Checked if tokens are valid: true, expires at: 1786262672325
[debug] [2026-08-09T07:12:33.443Z] >>> [apiv2][query] GET https://firebase.googleapis.com/v1beta1/projects/ball-of-duty-hq [none]
[debug] [2026-08-09T07:12:33.932Z] <<< [apiv2][status] GET https://firebase.googleapis.com/v1beta1/projects/ball-of-duty-hq 200
[debug] [2026-08-09T07:12:33.933Z] <<< [apiv2][body] GET https://firebase.googleapis.com/v1beta1/projects/ball-of-duty-hq {"projectId":"ball-of-duty-hq","projectNumber":"314051599258","displayName":"Ball of Duty HQ","name":"projects/ball-of-duty-hq","resources":{"hostingSite":"ball-of-duty-hq","realtimeDatabaseInstance":"ball-of-duty-hq-default-rtdb"},"state":"ACTIVE","labels":{"firebase":"enabled"},"etag":"1_b6702439-0a9e-48ff-8f05-a8587da38dd8"}
[debug] [2026-08-09T07:12:33.933Z] Checked if tokens are valid: true, expires at: 1786262672325
[debug] [2026-08-09T07:12:33.933Z] Checked if tokens are valid: true, expires at: 1786262672325
[debug] [2026-08-09T07:12:33.933Z] >>> [apiv2][query] GET https://firebase.googleapis.com/v1beta1/projects/ball-of-duty-hq [none]
[debug] [2026-08-09T07:12:34.293Z] <<< [apiv2][status] GET https://firebase.googleapis.com/v1beta1/projects/ball-of-duty-hq 200
[debug] [2026-08-09T07:12:34.294Z] <<< [apiv2][body] GET https://firebase.googleapis.com/v1beta1/projects/ball-of-duty-hq {"projectId":"ball-of-duty-hq","projectNumber":"314051599258","displayName":"Ball of Duty HQ","name":"projects/ball-of-duty-hq","resources":{"hostingSite":"ball-of-duty-hq","realtimeDatabaseInstance":"ball-of-duty-hq-default-rtdb"},"state":"ACTIVE","labels":{"firebase":"enabled"},"etag":"1_b6702439-0a9e-48ff-8f05-a8587da38dd8"}
[info] 
[info] === Deploying to 'ball-of-duty-hq'...
[info] 
[info] i  deploying database, hosting 
[info] i  database: checking rules syntax... 
[debug] [2026-08-09T07:12:34.296Z] Checked if tokens are valid: true, expires at: 1786262672325
[debug] [2026-08-09T07:12:34.296Z] Checked if tokens are valid: true, expires at: 1786262672325
[debug] [2026-08-09T07:12:34.296Z] >>> [apiv2][query] GET https://firebasedatabase.googleapis.com/v1beta/projects/ball-of-duty-hq/locations/-/instances/ball-of-duty-hq-default-rtdb [none]
[debug] [2026-08-09T07:12:35.404Z] <<< [apiv2][status] GET https://firebasedatabase.googleapis.com/v1beta/projects/ball-of-duty-hq/locations/-/instances/ball-of-duty-hq-default-rtdb 200
[debug] [2026-08-09T07:12:35.404Z] <<< [apiv2][body] GET https://firebasedatabase.googleapis.com/v1beta/projects/ball-of-duty-hq/locations/-/instances/ball-of-duty-hq-default-rtdb {"name":"projects/314051599258/locations/europe-west1/instances/ball-of-duty-hq-default-rtdb","project":"projects/314051599258","databaseUrl":"https://ball-of-duty-hq-default-rtdb.europe-west1.firebasedatabase.app","type":"DEFAULT_DATABASE","state":"ACTIVE"}
[debug] [2026-08-09T07:12:35.404Z] Checked if tokens are valid: true, expires at: 1786262672325
[debug] [2026-08-09T07:12:35.404Z] Checked if tokens are valid: true, expires at: 1786262672325
[debug] [2026-08-09T07:12:35.405Z] >>> [apiv2][query] PUT https://ball-of-duty-hq-default-rtdb.europe-west1.firebasedatabase.app/.settings/rules.json dryRun=true
[debug] [2026-08-09T07:12:35.405Z] >>> [apiv2][body] PUT https://ball-of-duty-hq-default-rtdb.europe-west1.firebasedatabase.app/.settings/rules.json "{\n  \"rules\": {\n    \".read\": false,\n    \".write\": false,\n    \"players\": {\n      \".read\": \"auth != null && (auth.token.admin === true || root.child('users').child(auth.uid).child('status').val() === 'approved')\",\n      \".write\": \"auth != null && auth.token.admin === true\"\n    },\n    \"seasons\": {\n      \".read\": \"auth != null && (auth.token.admin === true || root.child('users').child(auth.uid).child('status').val() === 'approved')\",\n      \".write\": \"auth != null && auth.token.admin === true\"\n    },\n    \"matches\": {\n      \".read\": \"auth != null && (auth.token.admin === true || root.child('users').child(auth.uid).child('status').val() === 'approved')\",\n      \".write\": \"auth != null && auth.token.admin === true\"\n    },\n    \"discordPolls\": {\n      \".read\": \"auth != null && (auth.token.admin === true || root.child('users').child(auth.uid).child('status').val() === 'approved')\",\n      \".write\": false\n    },\n    \"discordVotes\": {\n      \".read\": \"auth != null && auth.token.admin === true\",\n      \".write\": false\n    },\n    \"settings\": {\n      \".read\": \"auth != null && auth.token.admin === true\",\n      \".write\": \"auth != null && auth.token.admin === true\"\n    },\n    \"users\": {\n      \".read\": \"auth != null && auth.token.admin === true\",\n      \"$uid\": {\n        \".read\": \"auth != null && (auth.uid === $uid || auth.token.admin === true)\",\n        \".write\": \"auth != null && (auth.token.admin === true || (auth.uid === $uid && ((!data.exists() && newData.child('status').val() === 'pending') || (data.exists() && newData.child('status').val() === data.child('status').val()))))\",\n        \"admin\": {\n          \".validate\": \"auth.token.admin === true\"\n        },\n        \"role\": {\n          \".validate\": \"auth.token.admin === true\"\n        }\n      }\n    }\n  }\n}\n"
[debug] [2026-08-09T07:12:35.696Z] <<< [apiv2][status] PUT https://ball-of-duty-hq-default-rtdb.europe-west1.firebasedatabase.app/.settings/rules.json 200
[debug] [2026-08-09T07:12:35.696Z] <<< [apiv2][body] PUT https://ball-of-duty-hq-default-rtdb.europe-west1.firebasedatabase.app/.settings/rules.json {"status":"ok"}
[info] +  database: rules syntax for database ball-of-duty-hq-default-rtdb is valid 
[debug] [2026-08-09T07:12:35.696Z] Checked if tokens are valid: true, expires at: 1786262672325
[debug] [2026-08-09T07:12:35.696Z] Checked if tokens are valid: true, expires at: 1786262672325
[debug] [2026-08-09T07:12:35.696Z] >>> [apiv2][query] GET https://firebasehosting.googleapis.com/v1beta1/projects/ball-of-duty-hq/sites/ball-of-duty-hq [none]
[debug] [2026-08-09T07:12:36.784Z] <<< [apiv2][status] GET https://firebasehosting.googleapis.com/v1beta1/projects/ball-of-duty-hq/sites/ball-of-duty-hq 200
[debug] [2026-08-09T07:12:36.784Z] <<< [apiv2][body] GET https://firebasehosting.googleapis.com/v1beta1/projects/ball-of-duty-hq/sites/ball-of-duty-hq {"name":"projects/ball-of-duty-hq/sites/ball-of-duty-hq","defaultUrl":"https://ball-of-duty-hq.web.app","appId":"1:314051599258:web:8b1732ebf9aaadc9b4b823","type":"DEFAULT_SITE"}
[debug] [2026-08-09T07:12:36.787Z] Checked if tokens are valid: true, expires at: 1786262672325
[debug] [2026-08-09T07:12:36.787Z] Checked if tokens are valid: true, expires at: 1786262672325
[debug] [2026-08-09T07:12:36.788Z] >>> [apiv2][query] POST https://firebasehosting.googleapis.com/v1beta1/projects/-/sites/ball-of-duty-hq/versions [none]
[debug] [2026-08-09T07:12:36.788Z] >>> [apiv2][body] POST https://firebasehosting.googleapis.com/v1beta1/projects/-/sites/ball-of-duty-hq/versions {"status":"CREATED","labels":{"deployment-tool":"cli-firebase"}}
[debug] [2026-08-09T07:12:38.426Z] <<< [apiv2][status] POST https://firebasehosting.googleapis.com/v1beta1/projects/-/sites/ball-of-duty-hq/versions 200
[debug] [2026-08-09T07:12:38.426Z] <<< [apiv2][body] POST https://firebasehosting.googleapis.com/v1beta1/projects/-/sites/ball-of-duty-hq/versions {"name":"projects/314051599258/sites/ball-of-duty-hq/versions/502e48a89be751e5","status":"CREATED","config":{},"labels":{"deployment-tool":"cli-firebase"}}
[info] i  hosting[ball-of-duty-hq]: beginning deploy... 
[info] i  hosting[ball-of-duty-hq]: found 3 files in dist 
[debug] [2026-08-09T07:12:38.432Z] [hosting] uploading with 200 concurrency
[debug] [2026-08-09T07:12:38.451Z] Checked if tokens are valid: true, expires at: 1786262672325
[debug] [2026-08-09T07:12:38.451Z] Checked if tokens are valid: true, expires at: 1786262672325
[debug] [2026-08-09T07:12:38.451Z] [hosting] hash cache [ZGlzdA] stored for 3 files
[debug] [2026-08-09T07:12:38.451Z] [hosting][hash queue][FINAL] {"max":16,"min":2,"avg":7,"active":0,"complete":3,"success":3,"errored":0,"retried":0,"total":3,"elapsed":18}
[debug] [2026-08-09T07:12:38.451Z] >>> [apiv2][query] POST https://firebasehosting.googleapis.com/v1beta1/projects/314051599258/sites/ball-of-duty-hq/versions/502e48a89be751e5:populateFiles [none]
[debug] [2026-08-09T07:12:38.452Z] >>> [apiv2][body] POST https://firebasehosting.googleapis.com/v1beta1/projects/314051599258/sites/ball-of-duty-hq/versions/502e48a89be751e5:populateFiles {"files":{"/index.html":"e45c7c0ea909a6bda16eee05e44c22541fbf69b2f9ca0765ec74824c4fea2ec1","/assets/index-LaMY19lm.css":"f07097b34d0f3f6707a311bb23d1fd1eeb4fa8e581572323a4be6d27e591e0fc","/assets/index-D7mVZwk3.js":"702438976adfe095f3f85d6e98f62cd34d8739a69af0504f8cfd0e8d3907c35a"}}
[debug] [2026-08-09T07:12:39.117Z] <<< [apiv2][status] POST https://firebasehosting.googleapis.com/v1beta1/projects/314051599258/sites/ball-of-duty-hq/versions/502e48a89be751e5:populateFiles 200
[debug] [2026-08-09T07:12:39.117Z] <<< [apiv2][body] POST https://firebasehosting.googleapis.com/v1beta1/projects/314051599258/sites/ball-of-duty-hq/versions/502e48a89be751e5:populateFiles {"uploadRequiredHashes":["e45c7c0ea909a6bda16eee05e44c22541fbf69b2f9ca0765ec74824c4fea2ec1","f07097b34d0f3f6707a311bb23d1fd1eeb4fa8e581572323a4be6d27e591e0fc","702438976adfe095f3f85d6e98f62cd34d8739a69af0504f8cfd0e8d3907c35a"],"uploadUrl":"https://upload-firebasehosting.googleapis.com/upload/sites/ball-of-duty-hq/versions/502e48a89be751e5/files"}
[debug] [2026-08-09T07:12:39.117Z] Checked if tokens are valid: true, expires at: 1786262672325
[debug] [2026-08-09T07:12:39.117Z] Checked if tokens are valid: true, expires at: 1786262672325
[debug] [2026-08-09T07:12:39.117Z] Checked if tokens are valid: true, expires at: 1786262672325
[debug] [2026-08-09T07:12:39.117Z] Checked if tokens are valid: true, expires at: 1786262672325
[debug] [2026-08-09T07:12:39.118Z] Checked if tokens are valid: true, expires at: 1786262672325
[debug] [2026-08-09T07:12:39.118Z] Checked if tokens are valid: true, expires at: 1786262672325
[debug] [2026-08-09T07:12:39.118Z] >>> [apiv2][query] POST https://upload-firebasehosting.googleapis.com/upload/sites/ball-of-duty-hq/versions/502e48a89be751e5/files/e45c7c0ea909a6bda16eee05e44c22541fbf69b2f9ca0765ec74824c4fea2ec1 [none]
[debug] [2026-08-09T07:12:39.118Z] >>> [apiv2][body] POST https://upload-firebasehosting.googleapis.com/upload/sites/ball-of-duty-hq/versions/502e48a89be751e5/files/e45c7c0ea909a6bda16eee05e44c22541fbf69b2f9ca0765ec74824c4fea2ec1 [stream]
[debug] [2026-08-09T07:12:39.118Z] >>> [apiv2][query] POST https://upload-firebasehosting.googleapis.com/upload/sites/ball-of-duty-hq/versions/502e48a89be751e5/files/f07097b34d0f3f6707a311bb23d1fd1eeb4fa8e581572323a4be6d27e591e0fc [none]
[debug] [2026-08-09T07:12:39.118Z] >>> [apiv2][body] POST https://upload-firebasehosting.googleapis.com/upload/sites/ball-of-duty-hq/versions/502e48a89be751e5/files/f07097b34d0f3f6707a311bb23d1fd1eeb4fa8e581572323a4be6d27e591e0fc [stream]
[debug] [2026-08-09T07:12:39.118Z] >>> [apiv2][query] POST https://upload-firebasehosting.googleapis.com/upload/sites/ball-of-duty-hq/versions/502e48a89be751e5/files/702438976adfe095f3f85d6e98f62cd34d8739a69af0504f8cfd0e8d3907c35a [none]
[debug] [2026-08-09T07:12:39.118Z] >>> [apiv2][body] POST https://upload-firebasehosting.googleapis.com/upload/sites/ball-of-duty-hq/versions/502e48a89be751e5/files/702438976adfe095f3f85d6e98f62cd34d8739a69af0504f8cfd0e8d3907c35a [stream]
[debug] [2026-08-09T07:12:39.120Z] [hosting][populate queue][FINAL] {"max":668,"min":668,"avg":668,"active":0,"complete":1,"success":1,"errored":0,"retried":0,"total":1,"elapsed":670}
[debug] [2026-08-09T07:12:39.120Z] [hosting] uploads queued: 3
[debug] [2026-08-09T07:12:40.116Z] <<< [apiv2][status] POST https://upload-firebasehosting.googleapis.com/upload/sites/ball-of-duty-hq/versions/502e48a89be751e5/files/f07097b34d0f3f6707a311bb23d1fd1eeb4fa8e581572323a4be6d27e591e0fc 200
[debug] [2026-08-09T07:12:40.116Z] <<< [apiv2][body] POST https://upload-firebasehosting.googleapis.com/upload/sites/ball-of-duty-hq/versions/502e48a89be751e5/files/f07097b34d0f3f6707a311bb23d1fd1eeb4fa8e581572323a4be6d27e591e0fc [stream]
[debug] [2026-08-09T07:12:40.314Z] <<< [apiv2][status] POST https://upload-firebasehosting.googleapis.com/upload/sites/ball-of-duty-hq/versions/502e48a89be751e5/files/702438976adfe095f3f85d6e98f62cd34d8739a69af0504f8cfd0e8d3907c35a 200
[debug] [2026-08-09T07:12:40.314Z] <<< [apiv2][body] POST https://upload-firebasehosting.googleapis.com/upload/sites/ball-of-duty-hq/versions/502e48a89be751e5/files/702438976adfe095f3f85d6e98f62cd34d8739a69af0504f8cfd0e8d3907c35a [stream]
[info] i  hosting: uploading new files [2/3] (66%) 
[debug] [2026-08-09T07:12:40.466Z] <<< [apiv2][status] POST https://upload-firebasehosting.googleapis.com/upload/sites/ball-of-duty-hq/versions/502e48a89be751e5/files/e45c7c0ea909a6bda16eee05e44c22541fbf69b2f9ca0765ec74824c4fea2ec1 200
[debug] [2026-08-09T07:12:40.466Z] <<< [apiv2][body] POST https://upload-firebasehosting.googleapis.com/upload/sites/ball-of-duty-hq/versions/502e48a89be751e5/files/e45c7c0ea909a6bda16eee05e44c22541fbf69b2f9ca0765ec74824c4fea2ec1 [stream]
[debug] [2026-08-09T07:12:40.466Z] [hosting][upload queue][FINAL] {"max":1349,"min":999,"avg":1181.3333333333333,"active":0,"complete":3,"success":3,"errored":0,"retried":0,"total":3,"elapsed":1349}
[info] i  hosting: upload complete 
[info] +  hosting[ball-of-duty-hq]: file upload complete 
[debug] [2026-08-09T07:12:40.466Z] [hosting] deploy completed after 2039ms
[info] i  database: releasing rules... 
[debug] [2026-08-09T07:12:40.466Z] Checked if tokens are valid: true, expires at: 1786262672325
[debug] [2026-08-09T07:12:40.466Z] Checked if tokens are valid: true, expires at: 1786262672325
[debug] [2026-08-09T07:12:40.467Z] >>> [apiv2][query] GET https://firebasedatabase.googleapis.com/v1beta/projects/ball-of-duty-hq/locations/-/instances/ball-of-duty-hq-default-rtdb [none]
[debug] [2026-08-09T07:12:41.418Z] <<< [apiv2][status] GET https://firebasedatabase.googleapis.com/v1beta/projects/ball-of-duty-hq/locations/-/instances/ball-of-duty-hq-default-rtdb 200
[debug] [2026-08-09T07:12:41.418Z] <<< [apiv2][body] GET https://firebasedatabase.googleapis.com/v1beta/projects/ball-of-duty-hq/locations/-/instances/ball-of-duty-hq-default-rtdb {"name":"projects/314051599258/locations/europe-west1/instances/ball-of-duty-hq-default-rtdb","project":"projects/314051599258","databaseUrl":"https://ball-of-duty-hq-default-rtdb.europe-west1.firebasedatabase.app","type":"DEFAULT_DATABASE","state":"ACTIVE"}
[debug] [2026-08-09T07:12:41.418Z] Checked if tokens are valid: true, expires at: 1786262672325
[debug] [2026-08-09T07:12:41.418Z] Checked if tokens are valid: true, expires at: 1786262672325
[debug] [2026-08-09T07:12:41.418Z] >>> [apiv2][query] PUT https://ball-of-duty-hq-default-rtdb.europe-west1.firebasedatabase.app/.settings/rules.json 
[debug] [2026-08-09T07:12:41.418Z] >>> [apiv2][body] PUT https://ball-of-duty-hq-default-rtdb.europe-west1.firebasedatabase.app/.settings/rules.json "{\n  \"rules\": {\n    \".read\": false,\n    \".write\": false,\n    \"players\": {\n      \".read\": \"auth != null && (auth.token.admin === true || root.child('users').child(auth.uid).child('status').val() === 'approved')\",\n      \".write\": \"auth != null && auth.token.admin === true\"\n    },\n    \"seasons\": {\n      \".read\": \"auth != null && (auth.token.admin === true || root.child('users').child(auth.uid).child('status').val() === 'approved')\",\n      \".write\": \"auth != null && auth.token.admin === true\"\n    },\n    \"matches\": {\n      \".read\": \"auth != null && (auth.token.admin === true || root.child('users').child(auth.uid).child('status').val() === 'approved')\",\n      \".write\": \"auth != null && auth.token.admin === true\"\n    },\n    \"discordPolls\": {\n      \".read\": \"auth != null && (auth.token.admin === true || root.child('users').child(auth.uid).child('status').val() === 'approved')\",\n      \".write\": false\n    },\n    \"discordVotes\": {\n      \".read\": \"auth != null && auth.token.admin === true\",\n      \".write\": false\n    },\n    \"settings\": {\n      \".read\": \"auth != null && auth.token.admin === true\",\n      \".write\": \"auth != null && auth.token.admin === true\"\n    },\n    \"users\": {\n      \".read\": \"auth != null && auth.token.admin === true\",\n      \"$uid\": {\n        \".read\": \"auth != null && (auth.uid === $uid || auth.token.admin === true)\",\n        \".write\": \"auth != null && (auth.token.admin === true || (auth.uid === $uid && ((!data.exists() && newData.child('status').val() === 'pending') || (data.exists() && newData.child('status').val() === data.child('status').val()))))\",\n        \"admin\": {\n          \".validate\": \"auth.token.admin === true\"\n        },\n        \"role\": {\n          \".validate\": \"auth.token.admin === true\"\n        }\n      }\n    }\n  }\n}\n"
[debug] [2026-08-09T07:12:41.799Z] <<< [apiv2][status] PUT https://ball-of-duty-hq-default-rtdb.europe-west1.firebasedatabase.app/.settings/rules.json 200
[debug] [2026-08-09T07:12:41.799Z] <<< [apiv2][body] PUT https://ball-of-duty-hq-default-rtdb.europe-west1.firebasedatabase.app/.settings/rules.json {"status":"ok"}
[info] +  database: rules for database ball-of-duty-hq-default-rtdb released successfully 
[debug] [2026-08-09T07:12:41.799Z] [
  {
    "config": {
      "public": "dist",
      "ignore": [
        "firebase.json",
        "**/.*",
        "**/node_modules/**"
      ],
      "rewrites": [
        {
          "source": "**",
          "destination": "/index.html"
        }
      ],
      "site": "ball-of-duty-hq"
    },
    "version": "projects/314051599258/sites/ball-of-duty-hq/versions/502e48a89be751e5"
  }
]
[info] i  hosting[ball-of-duty-hq]: finalizing version... 
[debug] [2026-08-09T07:12:41.800Z] Checked if tokens are valid: true, expires at: 1786262672325
[debug] [2026-08-09T07:12:41.800Z] Checked if tokens are valid: true, expires at: 1786262672325
[debug] [2026-08-09T07:12:41.800Z] >>> [apiv2][query] PATCH https://firebasehosting.googleapis.com/v1beta1/projects/-/sites/ball-of-duty-hq/versions/502e48a89be751e5 updateMask=status%2Cconfig
[debug] [2026-08-09T07:12:41.800Z] >>> [apiv2][body] PATCH https://firebasehosting.googleapis.com/v1beta1/projects/-/sites/ball-of-duty-hq/versions/502e48a89be751e5 {"status":"FINALIZED","config":{"rewrites":[{"glob":"**","path":"/index.html"}]}}
[debug] [2026-08-09T07:12:43.202Z] <<< [apiv2][status] PATCH https://firebasehosting.googleapis.com/v1beta1/projects/-/sites/ball-of-duty-hq/versions/502e48a89be751e5 200
[debug] [2026-08-09T07:12:43.202Z] <<< [apiv2][body] PATCH https://firebasehosting.googleapis.com/v1beta1/projects/-/sites/ball-of-duty-hq/versions/502e48a89be751e5 {"name":"projects/314051599258/sites/ball-of-duty-hq/versions/502e48a89be751e5","status":"FINALIZED","config":{"rewrites":[{"glob":"**","path":"/index.html"}]},"labels":{"deployment-tool":"cli-firebase"},"createTime":"2026-08-09T07:12:39.258566Z","createUser":{"email":"mr.csocsics@gmail.com"},"finalizeTime":"2026-08-09T07:12:44.948882Z","finalizeUser":{"email":"mr.csocsics@gmail.com"}}
[debug] [2026-08-09T07:12:43.202Z] [hosting] finalized version for ball-of-duty-hq:[object Object]
[info] +  hosting[ball-of-duty-hq]: version finalized 
[info] i  hosting[ball-of-duty-hq]: releasing new version... 
[debug] [2026-08-09T07:12:43.202Z] Checked if tokens are valid: true, expires at: 1786262672325
[debug] [2026-08-09T07:12:43.202Z] Checked if tokens are valid: true, expires at: 1786262672325
[debug] [2026-08-09T07:12:43.202Z] >>> [apiv2][query] POST https://firebasehosting.googleapis.com/v1beta1/projects/-/sites/ball-of-duty-hq/channels/live/releases versionName=projects%2F314051599258%2Fsites%2Fball-of-duty-hq%2Fversions%2F502e48a89be751e5
[debug] [2026-08-09T07:12:43.202Z] >>> [apiv2][body] POST https://firebasehosting.googleapis.com/v1beta1/projects/-/sites/ball-of-duty-hq/channels/live/releases {}
[debug] [2026-08-09T07:12:44.621Z] <<< [apiv2][status] POST https://firebasehosting.googleapis.com/v1beta1/projects/-/sites/ball-of-duty-hq/channels/live/releases 200
[debug] [2026-08-09T07:12:44.621Z] <<< [apiv2][body] POST https://firebasehosting.googleapis.com/v1beta1/projects/-/sites/ball-of-duty-hq/channels/live/releases {"name":"projects/314051599258/sites/ball-of-duty-hq/channels/live/releases/1786259565436000","version":{"name":"projects/314051599258/sites/ball-of-duty-hq/versions/502e48a89be751e5","status":"FINALIZED","config":{"rewrites":[{"glob":"**","path":"/index.html"}]},"labels":{"deployment-tool":"cli-firebase"},"createTime":"2026-08-09T07:12:39.258566Z","createUser":{"email":"mr.csocsics@gmail.com","imageUrl":"https://lh3.googleusercontent.com/a/ACg8ocIxNTph7K1UbdrbLlqMPLDLLxPA2PgbAv5CUOcgXJ6IiL3Sag=mo"},"finalizeTime":"2026-08-09T07:12:44.948882Z","finalizeUser":{"email":"mr.csocsics@gmail.com","imageUrl":"https://lh3.googleusercontent.com/a/ACg8ocIxNTph7K1UbdrbLlqMPLDLLxPA2PgbAv5CUOcgXJ6IiL3Sag=mo"}},"type":"DEPLOY","releaseTime":"2026-08-09T07:12:45.436Z","releaseUser":{"email":"mr.csocsics@gmail.com","imageUrl":"https://lh3.googleusercontent.com/a/ACg8ocIxNTph7K1UbdrbLlqMPLDLLxPA2PgbAv5CUOcgXJ6IiL3Sag=mo"}}
[debug] [2026-08-09T07:12:44.621Z] [hosting] release: {"name":"projects/314051599258/sites/ball-of-duty-hq/channels/live/releases/1786259565436000","version":{"name":"projects/314051599258/sites/ball-of-duty-hq/versions/502e48a89be751e5","status":"FINALIZED","config":{"rewrites":[{"glob":"**","path":"/index.html"}]},"labels":{"deployment-tool":"cli-firebase"},"createTime":"2026-08-09T07:12:39.258566Z","createUser":{"email":"mr.csocsics@gmail.com","imageUrl":"https://lh3.googleusercontent.com/a/ACg8ocIxNTph7K1UbdrbLlqMPLDLLxPA2PgbAv5CUOcgXJ6IiL3Sag=mo"},"finalizeTime":"2026-08-09T07:12:44.948882Z","finalizeUser":{"email":"mr.csocsics@gmail.com","imageUrl":"https://lh3.googleusercontent.com/a/ACg8ocIxNTph7K1UbdrbLlqMPLDLLxPA2PgbAv5CUOcgXJ6IiL3Sag=mo"}},"type":"DEPLOY","releaseTime":"2026-08-09T07:12:45.436Z","releaseUser":{"email":"mr.csocsics@gmail.com","imageUrl":"https://lh3.googleusercontent.com/a/ACg8ocIxNTph7K1UbdrbLlqMPLDLLxPA2PgbAv5CUOcgXJ6IiL3Sag=mo"}}
[info] +  hosting[ball-of-duty-hq]: release complete 
[info] 
[info] +  Deploy complete! 
[info] 
[info] Project Console: https://console.firebase.google.com/project/ball-of-duty-hq/overview
[info] Hosting URL: https://ball-of-duty-hq.web.app
[debug] [2026-08-09T07:22:22.522Z] ----------------------------------------------------------------------
[debug] [2026-08-09T07:22:22.524Z] Command:       C:\Program Files\nodejs\node.exe C:\Users\mrcso\AppData\Roaming\npm\node_modules\firebase-tools\lib\bin\firebase.js deploy --only hosting
[debug] [2026-08-09T07:22:22.524Z] CLI Version:   15.26.0
[debug] [2026-08-09T07:22:22.524Z] Platform:      win32
[debug] [2026-08-09T07:22:22.524Z] Node Version:  v24.15.0
[debug] [2026-08-09T07:22:22.525Z] Detected Agent: codex_cli
[debug] [2026-08-09T07:22:22.525Z] Time:          Sun Aug 09 2026 09:22:22 GMT+0200 (közép-európai nyári idő)
[debug] [2026-08-09T07:22:22.525Z] ----------------------------------------------------------------------
[debug] 
[debug] [2026-08-09T07:22:23.308Z] > command requires scopes: ["email","openid","https://www.googleapis.com/auth/cloudplatformprojects.readonly","https://www.googleapis.com/auth/firebase","https://www.googleapis.com/auth/cloud-platform"]
[debug] [2026-08-09T07:22:23.309Z] > authorizing via signed-in user (mr.csocsics@gmail.com)
[debug] [2026-08-09T07:22:23.309Z] [iam] checking project ball-of-duty-hq for permissions ["firebase.projects.get","firebasehosting.sites.update"]
[debug] [2026-08-09T07:22:23.317Z] Checked if tokens are valid: true, expires at: 1786262672325
[debug] [2026-08-09T07:22:23.317Z] Checked if tokens are valid: true, expires at: 1786262672325
[debug] [2026-08-09T07:22:23.317Z] >>> [apiv2][query] POST https://cloudresourcemanager.googleapis.com/v1/projects/ball-of-duty-hq:testIamPermissions [none]
[debug] [2026-08-09T07:22:23.317Z] >>> [apiv2][(partial)header] POST https://cloudresourcemanager.googleapis.com/v1/projects/ball-of-duty-hq:testIamPermissions  x-goog-user-project=ball-of-duty-hq
[debug] [2026-08-09T07:22:23.317Z] >>> [apiv2][body] POST https://cloudresourcemanager.googleapis.com/v1/projects/ball-of-duty-hq:testIamPermissions {"permissions":["firebase.projects.get","firebasehosting.sites.update"]}
[debug] [2026-08-09T07:22:24.350Z] <<< [apiv2][status] POST https://cloudresourcemanager.googleapis.com/v1/projects/ball-of-duty-hq:testIamPermissions 200
[debug] [2026-08-09T07:22:24.350Z] <<< [apiv2][body] POST https://cloudresourcemanager.googleapis.com/v1/projects/ball-of-duty-hq:testIamPermissions {"permissions":["firebase.projects.get","firebasehosting.sites.update"]}
[debug] [2026-08-09T07:22:24.350Z] Checked if tokens are valid: true, expires at: 1786262672325
[debug] [2026-08-09T07:22:24.350Z] Checked if tokens are valid: true, expires at: 1786262672325
[debug] [2026-08-09T07:22:24.350Z] >>> [apiv2][query] GET https://firebase.googleapis.com/v1beta1/projects/ball-of-duty-hq [none]
[debug] [2026-08-09T07:22:24.741Z] <<< [apiv2][status] GET https://firebase.googleapis.com/v1beta1/projects/ball-of-duty-hq 200
[debug] [2026-08-09T07:22:24.741Z] <<< [apiv2][body] GET https://firebase.googleapis.com/v1beta1/projects/ball-of-duty-hq {"projectId":"ball-of-duty-hq","projectNumber":"314051599258","displayName":"Ball of Duty HQ","name":"projects/ball-of-duty-hq","resources":{"hostingSite":"ball-of-duty-hq","realtimeDatabaseInstance":"ball-of-duty-hq-default-rtdb"},"state":"ACTIVE","labels":{"firebase":"enabled"},"etag":"1_b6702439-0a9e-48ff-8f05-a8587da38dd8"}
[info] 
[info] === Deploying to 'ball-of-duty-hq'...
[info] 
[info] i  deploying hosting 
[debug] [2026-08-09T07:22:24.743Z] Checked if tokens are valid: true, expires at: 1786262672325
[debug] [2026-08-09T07:22:24.743Z] Checked if tokens are valid: true, expires at: 1786262672325
[debug] [2026-08-09T07:22:24.743Z] >>> [apiv2][query] GET https://firebasehosting.googleapis.com/v1beta1/projects/ball-of-duty-hq/sites/ball-of-duty-hq [none]
[debug] [2026-08-09T07:22:25.873Z] <<< [apiv2][status] GET https://firebasehosting.googleapis.com/v1beta1/projects/ball-of-duty-hq/sites/ball-of-duty-hq 200
[debug] [2026-08-09T07:22:25.873Z] <<< [apiv2][body] GET https://firebasehosting.googleapis.com/v1beta1/projects/ball-of-duty-hq/sites/ball-of-duty-hq {"name":"projects/ball-of-duty-hq/sites/ball-of-duty-hq","defaultUrl":"https://ball-of-duty-hq.web.app","appId":"1:314051599258:web:8b1732ebf9aaadc9b4b823","type":"DEFAULT_SITE"}
[debug] [2026-08-09T07:22:25.876Z] Checked if tokens are valid: true, expires at: 1786262672325
[debug] [2026-08-09T07:22:25.876Z] Checked if tokens are valid: true, expires at: 1786262672325
[debug] [2026-08-09T07:22:25.877Z] >>> [apiv2][query] POST https://firebasehosting.googleapis.com/v1beta1/projects/-/sites/ball-of-duty-hq/versions [none]
[debug] [2026-08-09T07:22:25.877Z] >>> [apiv2][body] POST https://firebasehosting.googleapis.com/v1beta1/projects/-/sites/ball-of-duty-hq/versions {"status":"CREATED","labels":{"deployment-tool":"cli-firebase"}}
[debug] [2026-08-09T07:22:27.603Z] <<< [apiv2][status] POST https://firebasehosting.googleapis.com/v1beta1/projects/-/sites/ball-of-duty-hq/versions 200
[debug] [2026-08-09T07:22:27.603Z] <<< [apiv2][body] POST https://firebasehosting.googleapis.com/v1beta1/projects/-/sites/ball-of-duty-hq/versions {"name":"projects/314051599258/sites/ball-of-duty-hq/versions/4a8ddfd0085e7944","status":"CREATED","config":{},"labels":{"deployment-tool":"cli-firebase"}}
[info] i  hosting[ball-of-duty-hq]: beginning deploy... 
[info] i  hosting[ball-of-duty-hq]: found 3 files in dist 
[debug] [2026-08-09T07:22:27.609Z] [hosting] uploading with 200 concurrency
[debug] [2026-08-09T07:22:27.625Z] Checked if tokens are valid: true, expires at: 1786262672325
[debug] [2026-08-09T07:22:27.625Z] Checked if tokens are valid: true, expires at: 1786262672325
[debug] [2026-08-09T07:22:27.625Z] [hosting] hash cache [ZGlzdA] stored for 3 files
[debug] [2026-08-09T07:22:27.625Z] [hosting][hash queue][FINAL] {"max":13,"min":2,"avg":6,"active":0,"complete":3,"success":3,"errored":0,"retried":0,"total":3,"elapsed":15}
[debug] [2026-08-09T07:22:27.626Z] >>> [apiv2][query] POST https://firebasehosting.googleapis.com/v1beta1/projects/314051599258/sites/ball-of-duty-hq/versions/4a8ddfd0085e7944:populateFiles [none]
[debug] [2026-08-09T07:22:27.626Z] >>> [apiv2][body] POST https://firebasehosting.googleapis.com/v1beta1/projects/314051599258/sites/ball-of-duty-hq/versions/4a8ddfd0085e7944:populateFiles {"files":{"/index.html":"6b6bc8786e84fc2007b56008245fd7105a4792c8139f7be4e6576bdaf18c6666","/assets/index-BO7dN2A6.css":"39a884ee8609d9b59bd33cad60fb137a72fd70cbbf772f993cc85cd96f7e2de7","/assets/index-5xuOQhJb.js":"22155783838d91fefe1903ce5979064811d457eb25bdd566a3ec763073e0e495"}}
[debug] [2026-08-09T07:22:28.443Z] <<< [apiv2][status] POST https://firebasehosting.googleapis.com/v1beta1/projects/314051599258/sites/ball-of-duty-hq/versions/4a8ddfd0085e7944:populateFiles 200
[debug] [2026-08-09T07:22:28.443Z] <<< [apiv2][body] POST https://firebasehosting.googleapis.com/v1beta1/projects/314051599258/sites/ball-of-duty-hq/versions/4a8ddfd0085e7944:populateFiles {"uploadRequiredHashes":["22155783838d91fefe1903ce5979064811d457eb25bdd566a3ec763073e0e495","6b6bc8786e84fc2007b56008245fd7105a4792c8139f7be4e6576bdaf18c6666","39a884ee8609d9b59bd33cad60fb137a72fd70cbbf772f993cc85cd96f7e2de7"],"uploadUrl":"https://upload-firebasehosting.googleapis.com/upload/sites/ball-of-duty-hq/versions/4a8ddfd0085e7944/files"}
[debug] [2026-08-09T07:22:28.444Z] Checked if tokens are valid: true, expires at: 1786262672325
[debug] [2026-08-09T07:22:28.444Z] Checked if tokens are valid: true, expires at: 1786262672325
[debug] [2026-08-09T07:22:28.444Z] Checked if tokens are valid: true, expires at: 1786262672325
[debug] [2026-08-09T07:22:28.444Z] Checked if tokens are valid: true, expires at: 1786262672325
[debug] [2026-08-09T07:22:28.444Z] Checked if tokens are valid: true, expires at: 1786262672325
[debug] [2026-08-09T07:22:28.444Z] Checked if tokens are valid: true, expires at: 1786262672325
[debug] [2026-08-09T07:22:28.444Z] >>> [apiv2][query] POST https://upload-firebasehosting.googleapis.com/upload/sites/ball-of-duty-hq/versions/4a8ddfd0085e7944/files/22155783838d91fefe1903ce5979064811d457eb25bdd566a3ec763073e0e495 [none]
[debug] [2026-08-09T07:22:28.444Z] >>> [apiv2][body] POST https://upload-firebasehosting.googleapis.com/upload/sites/ball-of-duty-hq/versions/4a8ddfd0085e7944/files/22155783838d91fefe1903ce5979064811d457eb25bdd566a3ec763073e0e495 [stream]
[debug] [2026-08-09T07:22:28.445Z] >>> [apiv2][query] POST https://upload-firebasehosting.googleapis.com/upload/sites/ball-of-duty-hq/versions/4a8ddfd0085e7944/files/6b6bc8786e84fc2007b56008245fd7105a4792c8139f7be4e6576bdaf18c6666 [none]
[debug] [2026-08-09T07:22:28.445Z] >>> [apiv2][body] POST https://upload-firebasehosting.googleapis.com/upload/sites/ball-of-duty-hq/versions/4a8ddfd0085e7944/files/6b6bc8786e84fc2007b56008245fd7105a4792c8139f7be4e6576bdaf18c6666 [stream]
[debug] [2026-08-09T07:22:28.446Z] >>> [apiv2][query] POST https://upload-firebasehosting.googleapis.com/upload/sites/ball-of-duty-hq/versions/4a8ddfd0085e7944/files/39a884ee8609d9b59bd33cad60fb137a72fd70cbbf772f993cc85cd96f7e2de7 [none]
[debug] [2026-08-09T07:22:28.446Z] >>> [apiv2][body] POST https://upload-firebasehosting.googleapis.com/upload/sites/ball-of-duty-hq/versions/4a8ddfd0085e7944/files/39a884ee8609d9b59bd33cad60fb137a72fd70cbbf772f993cc85cd96f7e2de7 [stream]
[debug] [2026-08-09T07:22:28.448Z] [hosting][populate queue][FINAL] {"max":820,"min":820,"avg":820,"active":0,"complete":1,"success":1,"errored":0,"retried":0,"total":1,"elapsed":824}
[debug] [2026-08-09T07:22:28.448Z] [hosting] uploads queued: 3
[debug] [2026-08-09T07:22:29.407Z] <<< [apiv2][status] POST https://upload-firebasehosting.googleapis.com/upload/sites/ball-of-duty-hq/versions/4a8ddfd0085e7944/files/39a884ee8609d9b59bd33cad60fb137a72fd70cbbf772f993cc85cd96f7e2de7 200
[debug] [2026-08-09T07:22:29.408Z] <<< [apiv2][body] POST https://upload-firebasehosting.googleapis.com/upload/sites/ball-of-duty-hq/versions/4a8ddfd0085e7944/files/39a884ee8609d9b59bd33cad60fb137a72fd70cbbf772f993cc85cd96f7e2de7 [stream]
[debug] [2026-08-09T07:22:29.419Z] <<< [apiv2][status] POST https://upload-firebasehosting.googleapis.com/upload/sites/ball-of-duty-hq/versions/4a8ddfd0085e7944/files/6b6bc8786e84fc2007b56008245fd7105a4792c8139f7be4e6576bdaf18c6666 200
[debug] [2026-08-09T07:22:29.419Z] <<< [apiv2][body] POST https://upload-firebasehosting.googleapis.com/upload/sites/ball-of-duty-hq/versions/4a8ddfd0085e7944/files/6b6bc8786e84fc2007b56008245fd7105a4792c8139f7be4e6576bdaf18c6666 [stream]
[info] i  hosting: uploading new files [2/3] (66%) 
[debug] [2026-08-09T07:22:29.654Z] <<< [apiv2][status] POST https://upload-firebasehosting.googleapis.com/upload/sites/ball-of-duty-hq/versions/4a8ddfd0085e7944/files/22155783838d91fefe1903ce5979064811d457eb25bdd566a3ec763073e0e495 200
[debug] [2026-08-09T07:22:29.654Z] <<< [apiv2][body] POST https://upload-firebasehosting.googleapis.com/upload/sites/ball-of-duty-hq/versions/4a8ddfd0085e7944/files/22155783838d91fefe1903ce5979064811d457eb25bdd566a3ec763073e0e495 [stream]
[debug] [2026-08-09T07:22:29.654Z] [hosting][upload queue][FINAL] {"max":1211,"min":964,"avg":1050,"active":0,"complete":3,"success":3,"errored":0,"retried":0,"total":3,"elapsed":1211}
[info] i  hosting: upload complete 
[info] +  hosting[ball-of-duty-hq]: file upload complete 
[debug] [2026-08-09T07:22:29.654Z] [hosting] deploy completed after 2050ms
[debug] [2026-08-09T07:22:29.654Z] [
  {
    "config": {
      "public": "dist",
      "ignore": [
        "firebase.json",
        "**/.*",
        "**/node_modules/**"
      ],
      "rewrites": [
        {
          "source": "**",
          "destination": "/index.html"
        }
      ],
      "site": "ball-of-duty-hq"
    },
    "version": "projects/314051599258/sites/ball-of-duty-hq/versions/4a8ddfd0085e7944"
  }
]
[info] i  hosting[ball-of-duty-hq]: finalizing version... 
[debug] [2026-08-09T07:22:29.655Z] Checked if tokens are valid: true, expires at: 1786262672325
[debug] [2026-08-09T07:22:29.655Z] Checked if tokens are valid: true, expires at: 1786262672325
[debug] [2026-08-09T07:22:29.655Z] >>> [apiv2][query] PATCH https://firebasehosting.googleapis.com/v1beta1/projects/-/sites/ball-of-duty-hq/versions/4a8ddfd0085e7944 updateMask=status%2Cconfig
[debug] [2026-08-09T07:22:29.655Z] >>> [apiv2][body] PATCH https://firebasehosting.googleapis.com/v1beta1/projects/-/sites/ball-of-duty-hq/versions/4a8ddfd0085e7944 {"status":"FINALIZED","config":{"rewrites":[{"glob":"**","path":"/index.html"}]}}
[debug] [2026-08-09T07:22:31.114Z] <<< [apiv2][status] PATCH https://firebasehosting.googleapis.com/v1beta1/projects/-/sites/ball-of-duty-hq/versions/4a8ddfd0085e7944 200
[debug] [2026-08-09T07:22:31.114Z] <<< [apiv2][body] PATCH https://firebasehosting.googleapis.com/v1beta1/projects/-/sites/ball-of-duty-hq/versions/4a8ddfd0085e7944 {"name":"projects/314051599258/sites/ball-of-duty-hq/versions/4a8ddfd0085e7944","status":"FINALIZED","config":{"rewrites":[{"glob":"**","path":"/index.html"}]},"labels":{"deployment-tool":"cli-firebase"},"createTime":"2026-08-09T07:22:28.370668Z","createUser":{"email":"mr.csocsics@gmail.com"},"finalizeTime":"2026-08-09T07:22:32.871856Z","finalizeUser":{"email":"mr.csocsics@gmail.com"}}
[debug] [2026-08-09T07:22:31.114Z] [hosting] finalized version for ball-of-duty-hq:[object Object]
[info] +  hosting[ball-of-duty-hq]: version finalized 
[info] i  hosting[ball-of-duty-hq]: releasing new version... 
[debug] [2026-08-09T07:22:31.115Z] Checked if tokens are valid: true, expires at: 1786262672325
[debug] [2026-08-09T07:22:31.115Z] Checked if tokens are valid: true, expires at: 1786262672325
[debug] [2026-08-09T07:22:31.115Z] >>> [apiv2][query] POST https://firebasehosting.googleapis.com/v1beta1/projects/-/sites/ball-of-duty-hq/channels/live/releases versionName=projects%2F314051599258%2Fsites%2Fball-of-duty-hq%2Fversions%2F4a8ddfd0085e7944
[debug] [2026-08-09T07:22:31.115Z] >>> [apiv2][body] POST https://firebasehosting.googleapis.com/v1beta1/projects/-/sites/ball-of-duty-hq/channels/live/releases {}
[debug] [2026-08-09T07:22:32.569Z] <<< [apiv2][status] POST https://firebasehosting.googleapis.com/v1beta1/projects/-/sites/ball-of-duty-hq/channels/live/releases 200
[debug] [2026-08-09T07:22:32.569Z] <<< [apiv2][body] POST https://firebasehosting.googleapis.com/v1beta1/projects/-/sites/ball-of-duty-hq/channels/live/releases {"name":"projects/314051599258/sites/ball-of-duty-hq/channels/live/releases/1786260153398000","version":{"name":"projects/314051599258/sites/ball-of-duty-hq/versions/4a8ddfd0085e7944","status":"FINALIZED","config":{"rewrites":[{"glob":"**","path":"/index.html"}]},"labels":{"deployment-tool":"cli-firebase"},"createTime":"2026-08-09T07:22:28.370668Z","createUser":{"email":"mr.csocsics@gmail.com","imageUrl":"https://lh3.googleusercontent.com/a/ACg8ocIxNTph7K1UbdrbLlqMPLDLLxPA2PgbAv5CUOcgXJ6IiL3Sag=mo"},"finalizeTime":"2026-08-09T07:22:32.871856Z","finalizeUser":{"email":"mr.csocsics@gmail.com","imageUrl":"https://lh3.googleusercontent.com/a/ACg8ocIxNTph7K1UbdrbLlqMPLDLLxPA2PgbAv5CUOcgXJ6IiL3Sag=mo"}},"type":"DEPLOY","releaseTime":"2026-08-09T07:22:33.398Z","releaseUser":{"email":"mr.csocsics@gmail.com","imageUrl":"https://lh3.googleusercontent.com/a/ACg8ocIxNTph7K1UbdrbLlqMPLDLLxPA2PgbAv5CUOcgXJ6IiL3Sag=mo"}}
[debug] [2026-08-09T07:22:32.569Z] [hosting] release: {"name":"projects/314051599258/sites/ball-of-duty-hq/channels/live/releases/1786260153398000","version":{"name":"projects/314051599258/sites/ball-of-duty-hq/versions/4a8ddfd0085e7944","status":"FINALIZED","config":{"rewrites":[{"glob":"**","path":"/index.html"}]},"labels":{"deployment-tool":"cli-firebase"},"createTime":"2026-08-09T07:22:28.370668Z","createUser":{"email":"mr.csocsics@gmail.com","imageUrl":"https://lh3.googleusercontent.com/a/ACg8ocIxNTph7K1UbdrbLlqMPLDLLxPA2PgbAv5CUOcgXJ6IiL3Sag=mo"},"finalizeTime":"2026-08-09T07:22:32.871856Z","finalizeUser":{"email":"mr.csocsics@gmail.com","imageUrl":"https://lh3.googleusercontent.com/a/ACg8ocIxNTph7K1UbdrbLlqMPLDLLxPA2PgbAv5CUOcgXJ6IiL3Sag=mo"}},"type":"DEPLOY","releaseTime":"2026-08-09T07:22:33.398Z","releaseUser":{"email":"mr.csocsics@gmail.com","imageUrl":"https://lh3.googleusercontent.com/a/ACg8ocIxNTph7K1UbdrbLlqMPLDLLxPA2PgbAv5CUOcgXJ6IiL3Sag=mo"}}
[info] +  hosting[ball-of-duty-hq]: release complete 
[info] 
[info] +  Deploy complete! 
[info] 
[info] Project Console: https://console.firebase.google.com/project/ball-of-duty-hq/overview
[info] Hosting URL: https://ball-of-duty-hq.web.app
[debug] [2026-08-09T07:31:27.588Z] ----------------------------------------------------------------------
[debug] [2026-08-09T07:31:27.590Z] Command:       C:\Program Files\nodejs\node.exe C:\Users\mrcso\AppData\Roaming\npm\node_modules\firebase-tools\lib\bin\firebase.js deploy --only hosting
[debug] [2026-08-09T07:31:27.590Z] CLI Version:   15.26.0
[debug] [2026-08-09T07:31:27.590Z] Platform:      win32
[debug] [2026-08-09T07:31:27.590Z] Node Version:  v24.15.0
[debug] [2026-08-09T07:31:27.590Z] Detected Agent: codex_cli
[debug] [2026-08-09T07:31:27.590Z] Time:          Sun Aug 09 2026 09:31:27 GMT+0200 (közép-európai nyári idő)
[debug] [2026-08-09T07:31:27.590Z] ----------------------------------------------------------------------
[debug] 
[debug] [2026-08-09T07:31:27.598Z] >>> [apiv2][query] GET https://firebase-public.firebaseio.com/cli.json [none]
[debug] [2026-08-09T07:31:28.416Z] > command requires scopes: ["email","openid","https://www.googleapis.com/auth/cloudplatformprojects.readonly","https://www.googleapis.com/auth/firebase","https://www.googleapis.com/auth/cloud-platform"]
[debug] [2026-08-09T07:31:28.417Z] > authorizing via signed-in user (mr.csocsics@gmail.com)
[debug] [2026-08-09T07:31:28.417Z] [iam] checking project ball-of-duty-hq for permissions ["firebase.projects.get","firebasehosting.sites.update"]
[debug] [2026-08-09T07:31:28.417Z] Checked if tokens are valid: true, expires at: 1786262672325
[debug] [2026-08-09T07:31:28.418Z] Checked if tokens are valid: true, expires at: 1786262672325
[debug] [2026-08-09T07:31:28.418Z] >>> [apiv2][query] POST https://cloudresourcemanager.googleapis.com/v1/projects/ball-of-duty-hq:testIamPermissions [none]
[debug] [2026-08-09T07:31:28.418Z] >>> [apiv2][(partial)header] POST https://cloudresourcemanager.googleapis.com/v1/projects/ball-of-duty-hq:testIamPermissions  x-goog-user-project=ball-of-duty-hq
[debug] [2026-08-09T07:31:28.418Z] >>> [apiv2][body] POST https://cloudresourcemanager.googleapis.com/v1/projects/ball-of-duty-hq:testIamPermissions {"permissions":["firebase.projects.get","firebasehosting.sites.update"]}
[debug] [2026-08-09T07:31:28.797Z] <<< [apiv2][status] GET https://firebase-public.firebaseio.com/cli.json 200
[debug] [2026-08-09T07:31:28.797Z] <<< [apiv2][body] GET https://firebase-public.firebaseio.com/cli.json {"cloudBuildErrorAfter":1594252800000,"cloudBuildWarnAfter":1590019200000,"defaultNode10After":1594252800000,"minVersion":"3.0.5","node8DeploysDisabledAfter":1613390400000,"node8RuntimeDisabledAfter":1615809600000,"node8WarnAfter":1600128000000}
[debug] [2026-08-09T07:31:29.400Z] <<< [apiv2][status] POST https://cloudresourcemanager.googleapis.com/v1/projects/ball-of-duty-hq:testIamPermissions 200
[debug] [2026-08-09T07:31:29.400Z] <<< [apiv2][body] POST https://cloudresourcemanager.googleapis.com/v1/projects/ball-of-duty-hq:testIamPermissions {"permissions":["firebase.projects.get","firebasehosting.sites.update"]}
[debug] [2026-08-09T07:31:29.401Z] Checked if tokens are valid: true, expires at: 1786262672325
[debug] [2026-08-09T07:31:29.401Z] Checked if tokens are valid: true, expires at: 1786262672325
[debug] [2026-08-09T07:31:29.401Z] >>> [apiv2][query] GET https://firebase.googleapis.com/v1beta1/projects/ball-of-duty-hq [none]
[debug] [2026-08-09T07:31:29.875Z] <<< [apiv2][status] GET https://firebase.googleapis.com/v1beta1/projects/ball-of-duty-hq 200
[debug] [2026-08-09T07:31:29.876Z] <<< [apiv2][body] GET https://firebase.googleapis.com/v1beta1/projects/ball-of-duty-hq {"projectId":"ball-of-duty-hq","projectNumber":"314051599258","displayName":"Ball of Duty HQ","name":"projects/ball-of-duty-hq","resources":{"hostingSite":"ball-of-duty-hq","realtimeDatabaseInstance":"ball-of-duty-hq-default-rtdb"},"state":"ACTIVE","labels":{"firebase":"enabled"},"etag":"1_b6702439-0a9e-48ff-8f05-a8587da38dd8"}
[info] 
[info] === Deploying to 'ball-of-duty-hq'...
[info] 
[info] i  deploying hosting 
[debug] [2026-08-09T07:31:29.877Z] Checked if tokens are valid: true, expires at: 1786262672325
[debug] [2026-08-09T07:31:29.877Z] Checked if tokens are valid: true, expires at: 1786262672325
[debug] [2026-08-09T07:31:29.877Z] >>> [apiv2][query] GET https://firebasehosting.googleapis.com/v1beta1/projects/ball-of-duty-hq/sites/ball-of-duty-hq [none]
[debug] [2026-08-09T07:31:30.988Z] <<< [apiv2][status] GET https://firebasehosting.googleapis.com/v1beta1/projects/ball-of-duty-hq/sites/ball-of-duty-hq 200
[debug] [2026-08-09T07:31:30.988Z] <<< [apiv2][body] GET https://firebasehosting.googleapis.com/v1beta1/projects/ball-of-duty-hq/sites/ball-of-duty-hq {"name":"projects/ball-of-duty-hq/sites/ball-of-duty-hq","defaultUrl":"https://ball-of-duty-hq.web.app","appId":"1:314051599258:web:8b1732ebf9aaadc9b4b823","type":"DEFAULT_SITE"}
[debug] [2026-08-09T07:31:30.992Z] Checked if tokens are valid: true, expires at: 1786262672325
[debug] [2026-08-09T07:31:30.992Z] Checked if tokens are valid: true, expires at: 1786262672325
[debug] [2026-08-09T07:31:30.992Z] >>> [apiv2][query] POST https://firebasehosting.googleapis.com/v1beta1/projects/-/sites/ball-of-duty-hq/versions [none]
[debug] [2026-08-09T07:31:30.992Z] >>> [apiv2][body] POST https://firebasehosting.googleapis.com/v1beta1/projects/-/sites/ball-of-duty-hq/versions {"status":"CREATED","labels":{"deployment-tool":"cli-firebase"}}
[debug] [2026-08-09T07:31:32.821Z] <<< [apiv2][status] POST https://firebasehosting.googleapis.com/v1beta1/projects/-/sites/ball-of-duty-hq/versions 200
[debug] [2026-08-09T07:31:32.821Z] <<< [apiv2][body] POST https://firebasehosting.googleapis.com/v1beta1/projects/-/sites/ball-of-duty-hq/versions {"name":"projects/314051599258/sites/ball-of-duty-hq/versions/35ab3a45ecf2b3f9","status":"CREATED","config":{},"labels":{"deployment-tool":"cli-firebase"}}
[info] i  hosting[ball-of-duty-hq]: beginning deploy... 
[info] i  hosting[ball-of-duty-hq]: found 5 files in dist 
[debug] [2026-08-09T07:31:32.829Z] [hosting] uploading with 200 concurrency
[debug] [2026-08-09T07:31:32.858Z] Checked if tokens are valid: true, expires at: 1786262672325
[debug] [2026-08-09T07:31:32.858Z] Checked if tokens are valid: true, expires at: 1786262672325
[debug] [2026-08-09T07:31:32.859Z] [hosting] hash cache [ZGlzdA] stored for 5 files
[debug] [2026-08-09T07:31:32.859Z] [hosting][hash queue][FINAL] {"max":27,"min":3,"avg":15,"active":0,"complete":5,"success":5,"errored":0,"retried":0,"total":5,"elapsed":29}
[debug] [2026-08-09T07:31:32.859Z] >>> [apiv2][query] POST https://firebasehosting.googleapis.com/v1beta1/projects/314051599258/sites/ball-of-duty-hq/versions/35ab3a45ecf2b3f9:populateFiles [none]
[debug] [2026-08-09T07:31:32.859Z] >>> [apiv2][body] POST https://firebasehosting.googleapis.com/v1beta1/projects/314051599258/sites/ball-of-duty-hq/versions/35ab3a45ecf2b3f9:populateFiles {"files":{"/index.html":"53608056183542972aeb9aa6489d832469999d373c9b80fb7058256827071b71","/assets/index-CyrBIIIG.css":"a1ceedfa2b357044dd35ce3320390a051fc509c3b50391092fbd027b157d82a9","/assets/index-BbpzuGOt.js":"05f8a54e56bc5846943d3b885f962fa004c916104067b92251a61208c7d9d0f7","/assets/brand/bod-crest-v2.png":"42f88f1b9c07994106c9edbd6f12a1288631cff6c6c776c736813894690c77ae","/assets/brand/bod-dashboard-banner-v2.png":"018ae69ee2353491547e6e20e03e65979e5572c4050b4602c925bc4261a83bad"}}
[debug] [2026-08-09T07:31:33.703Z] <<< [apiv2][status] POST https://firebasehosting.googleapis.com/v1beta1/projects/314051599258/sites/ball-of-duty-hq/versions/35ab3a45ecf2b3f9:populateFiles 200
[debug] [2026-08-09T07:31:33.704Z] <<< [apiv2][body] POST https://firebasehosting.googleapis.com/v1beta1/projects/314051599258/sites/ball-of-duty-hq/versions/35ab3a45ecf2b3f9:populateFiles {"uploadRequiredHashes":["a1ceedfa2b357044dd35ce3320390a051fc509c3b50391092fbd027b157d82a9","05f8a54e56bc5846943d3b885f962fa004c916104067b92251a61208c7d9d0f7","42f88f1b9c07994106c9edbd6f12a1288631cff6c6c776c736813894690c77ae","018ae69ee2353491547e6e20e03e65979e5572c4050b4602c925bc4261a83bad","53608056183542972aeb9aa6489d832469999d373c9b80fb7058256827071b71"],"uploadUrl":"https://upload-firebasehosting.googleapis.com/upload/sites/ball-of-duty-hq/versions/35ab3a45ecf2b3f9/files"}
[debug] [2026-08-09T07:31:33.704Z] Checked if tokens are valid: true, expires at: 1786262672325
[debug] [2026-08-09T07:31:33.704Z] Checked if tokens are valid: true, expires at: 1786262672325
[debug] [2026-08-09T07:31:33.704Z] Checked if tokens are valid: true, expires at: 1786262672325
[debug] [2026-08-09T07:31:33.704Z] Checked if tokens are valid: true, expires at: 1786262672325
[debug] [2026-08-09T07:31:33.704Z] Checked if tokens are valid: true, expires at: 1786262672325
[debug] [2026-08-09T07:31:33.704Z] Checked if tokens are valid: true, expires at: 1786262672325
[debug] [2026-08-09T07:31:33.704Z] Checked if tokens are valid: true, expires at: 1786262672325
[debug] [2026-08-09T07:31:33.704Z] Checked if tokens are valid: true, expires at: 1786262672325
[debug] [2026-08-09T07:31:33.704Z] Checked if tokens are valid: true, expires at: 1786262672325
[debug] [2026-08-09T07:31:33.704Z] Checked if tokens are valid: true, expires at: 1786262672325
[debug] [2026-08-09T07:31:33.704Z] >>> [apiv2][query] POST https://upload-firebasehosting.googleapis.com/upload/sites/ball-of-duty-hq/versions/35ab3a45ecf2b3f9/files/a1ceedfa2b357044dd35ce3320390a051fc509c3b50391092fbd027b157d82a9 [none]
[debug] [2026-08-09T07:31:33.705Z] >>> [apiv2][body] POST https://upload-firebasehosting.googleapis.com/upload/sites/ball-of-duty-hq/versions/35ab3a45ecf2b3f9/files/a1ceedfa2b357044dd35ce3320390a051fc509c3b50391092fbd027b157d82a9 [stream]
[debug] [2026-08-09T07:31:33.705Z] >>> [apiv2][query] POST https://upload-firebasehosting.googleapis.com/upload/sites/ball-of-duty-hq/versions/35ab3a45ecf2b3f9/files/05f8a54e56bc5846943d3b885f962fa004c916104067b92251a61208c7d9d0f7 [none]
[debug] [2026-08-09T07:31:33.705Z] >>> [apiv2][body] POST https://upload-firebasehosting.googleapis.com/upload/sites/ball-of-duty-hq/versions/35ab3a45ecf2b3f9/files/05f8a54e56bc5846943d3b885f962fa004c916104067b92251a61208c7d9d0f7 [stream]
[debug] [2026-08-09T07:31:33.705Z] >>> [apiv2][query] POST https://upload-firebasehosting.googleapis.com/upload/sites/ball-of-duty-hq/versions/35ab3a45ecf2b3f9/files/42f88f1b9c07994106c9edbd6f12a1288631cff6c6c776c736813894690c77ae [none]
[debug] [2026-08-09T07:31:33.705Z] >>> [apiv2][body] POST https://upload-firebasehosting.googleapis.com/upload/sites/ball-of-duty-hq/versions/35ab3a45ecf2b3f9/files/42f88f1b9c07994106c9edbd6f12a1288631cff6c6c776c736813894690c77ae [stream]
[debug] [2026-08-09T07:31:33.706Z] >>> [apiv2][query] POST https://upload-firebasehosting.googleapis.com/upload/sites/ball-of-duty-hq/versions/35ab3a45ecf2b3f9/files/018ae69ee2353491547e6e20e03e65979e5572c4050b4602c925bc4261a83bad [none]
[debug] [2026-08-09T07:31:33.706Z] >>> [apiv2][body] POST https://upload-firebasehosting.googleapis.com/upload/sites/ball-of-duty-hq/versions/35ab3a45ecf2b3f9/files/018ae69ee2353491547e6e20e03e65979e5572c4050b4602c925bc4261a83bad [stream]
[debug] [2026-08-09T07:31:33.706Z] >>> [apiv2][query] POST https://upload-firebasehosting.googleapis.com/upload/sites/ball-of-duty-hq/versions/35ab3a45ecf2b3f9/files/53608056183542972aeb9aa6489d832469999d373c9b80fb7058256827071b71 [none]
[debug] [2026-08-09T07:31:33.706Z] >>> [apiv2][body] POST https://upload-firebasehosting.googleapis.com/upload/sites/ball-of-duty-hq/versions/35ab3a45ecf2b3f9/files/53608056183542972aeb9aa6489d832469999d373c9b80fb7058256827071b71 [stream]
[debug] [2026-08-09T07:31:33.708Z] [hosting][populate queue][FINAL] {"max":846,"min":846,"avg":846,"active":0,"complete":1,"success":1,"errored":0,"retried":0,"total":1,"elapsed":850}
[debug] [2026-08-09T07:31:33.708Z] [hosting] uploads queued: 5
[debug] [2026-08-09T07:31:34.722Z] <<< [apiv2][status] POST https://upload-firebasehosting.googleapis.com/upload/sites/ball-of-duty-hq/versions/35ab3a45ecf2b3f9/files/05f8a54e56bc5846943d3b885f962fa004c916104067b92251a61208c7d9d0f7 200
[debug] [2026-08-09T07:31:34.722Z] <<< [apiv2][body] POST https://upload-firebasehosting.googleapis.com/upload/sites/ball-of-duty-hq/versions/35ab3a45ecf2b3f9/files/05f8a54e56bc5846943d3b885f962fa004c916104067b92251a61208c7d9d0f7 [stream]
[debug] [2026-08-09T07:31:34.754Z] <<< [apiv2][status] POST https://upload-firebasehosting.googleapis.com/upload/sites/ball-of-duty-hq/versions/35ab3a45ecf2b3f9/files/53608056183542972aeb9aa6489d832469999d373c9b80fb7058256827071b71 200
[debug] [2026-08-09T07:31:34.754Z] <<< [apiv2][body] POST https://upload-firebasehosting.googleapis.com/upload/sites/ball-of-duty-hq/versions/35ab3a45ecf2b3f9/files/53608056183542972aeb9aa6489d832469999d373c9b80fb7058256827071b71 [stream]
[debug] [2026-08-09T07:31:34.823Z] <<< [apiv2][status] POST https://upload-firebasehosting.googleapis.com/upload/sites/ball-of-duty-hq/versions/35ab3a45ecf2b3f9/files/a1ceedfa2b357044dd35ce3320390a051fc509c3b50391092fbd027b157d82a9 200
[debug] [2026-08-09T07:31:34.823Z] <<< [apiv2][body] POST https://upload-firebasehosting.googleapis.com/upload/sites/ball-of-duty-hq/versions/35ab3a45ecf2b3f9/files/a1ceedfa2b357044dd35ce3320390a051fc509c3b50391092fbd027b157d82a9 [stream]
[info] i  hosting: uploading new files [3/5] (60%) 
[debug] [2026-08-09T07:31:35.267Z] <<< [apiv2][status] POST https://upload-firebasehosting.googleapis.com/upload/sites/ball-of-duty-hq/versions/35ab3a45ecf2b3f9/files/42f88f1b9c07994106c9edbd6f12a1288631cff6c6c776c736813894690c77ae 200
[debug] [2026-08-09T07:31:35.268Z] <<< [apiv2][body] POST https://upload-firebasehosting.googleapis.com/upload/sites/ball-of-duty-hq/versions/35ab3a45ecf2b3f9/files/42f88f1b9c07994106c9edbd6f12a1288631cff6c6c776c736813894690c77ae [stream]
[debug] [2026-08-09T07:31:36.092Z] <<< [apiv2][status] POST https://upload-firebasehosting.googleapis.com/upload/sites/ball-of-duty-hq/versions/35ab3a45ecf2b3f9/files/018ae69ee2353491547e6e20e03e65979e5572c4050b4602c925bc4261a83bad 200
[debug] [2026-08-09T07:31:36.092Z] <<< [apiv2][body] POST https://upload-firebasehosting.googleapis.com/upload/sites/ball-of-duty-hq/versions/35ab3a45ecf2b3f9/files/018ae69ee2353491547e6e20e03e65979e5572c4050b4602c925bc4261a83bad [stream]
[debug] [2026-08-09T07:31:36.092Z] [hosting][upload queue][FINAL] {"max":2388,"min":1018,"avg":1428,"active":0,"complete":5,"success":5,"errored":0,"retried":0,"total":5,"elapsed":2388}
[info] i  hosting: upload complete 
[info] +  hosting[ball-of-duty-hq]: file upload complete 
[debug] [2026-08-09T07:31:36.093Z] [hosting] deploy completed after 3270ms
[debug] [2026-08-09T07:31:36.093Z] [
  {
    "config": {
      "public": "dist",
      "ignore": [
        "firebase.json",
        "**/.*",
        "**/node_modules/**"
      ],
      "rewrites": [
        {
          "source": "**",
          "destination": "/index.html"
        }
      ],
      "site": "ball-of-duty-hq"
    },
    "version": "projects/314051599258/sites/ball-of-duty-hq/versions/35ab3a45ecf2b3f9"
  }
]
[info] i  hosting[ball-of-duty-hq]: finalizing version... 
[debug] [2026-08-09T07:31:36.093Z] Checked if tokens are valid: true, expires at: 1786262672325
[debug] [2026-08-09T07:31:36.093Z] Checked if tokens are valid: true, expires at: 1786262672325
[debug] [2026-08-09T07:31:36.094Z] >>> [apiv2][query] PATCH https://firebasehosting.googleapis.com/v1beta1/projects/-/sites/ball-of-duty-hq/versions/35ab3a45ecf2b3f9 updateMask=status%2Cconfig
[debug] [2026-08-09T07:31:36.094Z] >>> [apiv2][body] PATCH https://firebasehosting.googleapis.com/v1beta1/projects/-/sites/ball-of-duty-hq/versions/35ab3a45ecf2b3f9 {"status":"FINALIZED","config":{"rewrites":[{"glob":"**","path":"/index.html"}]}}
[debug] [2026-08-09T07:31:37.620Z] <<< [apiv2][status] PATCH https://firebasehosting.googleapis.com/v1beta1/projects/-/sites/ball-of-duty-hq/versions/35ab3a45ecf2b3f9 200
[debug] [2026-08-09T07:31:37.620Z] <<< [apiv2][body] PATCH https://firebasehosting.googleapis.com/v1beta1/projects/-/sites/ball-of-duty-hq/versions/35ab3a45ecf2b3f9 {"name":"projects/314051599258/sites/ball-of-duty-hq/versions/35ab3a45ecf2b3f9","status":"FINALIZED","config":{"rewrites":[{"glob":"**","path":"/index.html"}]},"labels":{"deployment-tool":"cli-firebase"},"createTime":"2026-08-09T07:31:33.491525Z","createUser":{"email":"mr.csocsics@gmail.com"},"finalizeTime":"2026-08-09T07:31:39.381501Z","finalizeUser":{"email":"mr.csocsics@gmail.com"}}
[debug] [2026-08-09T07:31:37.620Z] [hosting] finalized version for ball-of-duty-hq:[object Object]
[info] +  hosting[ball-of-duty-hq]: version finalized 
[info] i  hosting[ball-of-duty-hq]: releasing new version... 
[debug] [2026-08-09T07:31:37.620Z] Checked if tokens are valid: true, expires at: 1786262672325
[debug] [2026-08-09T07:31:37.620Z] Checked if tokens are valid: true, expires at: 1786262672325
[debug] [2026-08-09T07:31:37.620Z] >>> [apiv2][query] POST https://firebasehosting.googleapis.com/v1beta1/projects/-/sites/ball-of-duty-hq/channels/live/releases versionName=projects%2F314051599258%2Fsites%2Fball-of-duty-hq%2Fversions%2F35ab3a45ecf2b3f9
[debug] [2026-08-09T07:31:37.620Z] >>> [apiv2][body] POST https://firebasehosting.googleapis.com/v1beta1/projects/-/sites/ball-of-duty-hq/channels/live/releases {}
[debug] [2026-08-09T07:31:39.080Z] <<< [apiv2][status] POST https://firebasehosting.googleapis.com/v1beta1/projects/-/sites/ball-of-duty-hq/channels/live/releases 200
[debug] [2026-08-09T07:31:39.081Z] <<< [apiv2][body] POST https://firebasehosting.googleapis.com/v1beta1/projects/-/sites/ball-of-duty-hq/channels/live/releases {"name":"projects/314051599258/sites/ball-of-duty-hq/channels/live/releases/1786260699912000","version":{"name":"projects/314051599258/sites/ball-of-duty-hq/versions/35ab3a45ecf2b3f9","status":"FINALIZED","config":{"rewrites":[{"glob":"**","path":"/index.html"}]},"labels":{"deployment-tool":"cli-firebase"},"createTime":"2026-08-09T07:31:33.491525Z","createUser":{"email":"mr.csocsics@gmail.com","imageUrl":"https://lh3.googleusercontent.com/a/ACg8ocIxNTph7K1UbdrbLlqMPLDLLxPA2PgbAv5CUOcgXJ6IiL3Sag=mo"},"finalizeTime":"2026-08-09T07:31:39.381501Z","finalizeUser":{"email":"mr.csocsics@gmail.com","imageUrl":"https://lh3.googleusercontent.com/a/ACg8ocIxNTph7K1UbdrbLlqMPLDLLxPA2PgbAv5CUOcgXJ6IiL3Sag=mo"}},"type":"DEPLOY","releaseTime":"2026-08-09T07:31:39.912Z","releaseUser":{"email":"mr.csocsics@gmail.com","imageUrl":"https://lh3.googleusercontent.com/a/ACg8ocIxNTph7K1UbdrbLlqMPLDLLxPA2PgbAv5CUOcgXJ6IiL3Sag=mo"}}
[debug] [2026-08-09T07:31:39.081Z] [hosting] release: {"name":"projects/314051599258/sites/ball-of-duty-hq/channels/live/releases/1786260699912000","version":{"name":"projects/314051599258/sites/ball-of-duty-hq/versions/35ab3a45ecf2b3f9","status":"FINALIZED","config":{"rewrites":[{"glob":"**","path":"/index.html"}]},"labels":{"deployment-tool":"cli-firebase"},"createTime":"2026-08-09T07:31:33.491525Z","createUser":{"email":"mr.csocsics@gmail.com","imageUrl":"https://lh3.googleusercontent.com/a/ACg8ocIxNTph7K1UbdrbLlqMPLDLLxPA2PgbAv5CUOcgXJ6IiL3Sag=mo"},"finalizeTime":"2026-08-09T07:31:39.381501Z","finalizeUser":{"email":"mr.csocsics@gmail.com","imageUrl":"https://lh3.googleusercontent.com/a/ACg8ocIxNTph7K1UbdrbLlqMPLDLLxPA2PgbAv5CUOcgXJ6IiL3Sag=mo"}},"type":"DEPLOY","releaseTime":"2026-08-09T07:31:39.912Z","releaseUser":{"email":"mr.csocsics@gmail.com","imageUrl":"https://lh3.googleusercontent.com/a/ACg8ocIxNTph7K1UbdrbLlqMPLDLLxPA2PgbAv5CUOcgXJ6IiL3Sag=mo"}}
[info] +  hosting[ball-of-duty-hq]: release complete 
[info] 
[info] +  Deploy complete! 
[info] 
[info] Project Console: https://console.firebase.google.com/project/ball-of-duty-hq/overview
[info] Hosting URL: https://ball-of-duty-hq.web.app
[debug] [2026-08-09T07:35:22.482Z] ----------------------------------------------------------------------
[debug] [2026-08-09T07:35:22.484Z] Command:       C:\Program Files\nodejs\node.exe C:\Users\mrcso\AppData\Roaming\npm\node_modules\firebase-tools\lib\bin\firebase.js deploy --only hosting
[debug] [2026-08-09T07:35:22.484Z] CLI Version:   15.26.0
[debug] [2026-08-09T07:35:22.484Z] Platform:      win32
[debug] [2026-08-09T07:35:22.484Z] Node Version:  v24.15.0
[debug] [2026-08-09T07:35:22.484Z] Detected Agent: codex_cli
[debug] [2026-08-09T07:35:22.484Z] Time:          Sun Aug 09 2026 09:35:22 GMT+0200 (közép-európai nyári idő)
[debug] [2026-08-09T07:35:22.485Z] ----------------------------------------------------------------------
[debug] 
[debug] [2026-08-09T07:35:23.282Z] > command requires scopes: ["email","openid","https://www.googleapis.com/auth/cloudplatformprojects.readonly","https://www.googleapis.com/auth/firebase","https://www.googleapis.com/auth/cloud-platform"]
[debug] [2026-08-09T07:35:23.282Z] > authorizing via signed-in user (mr.csocsics@gmail.com)
[debug] [2026-08-09T07:35:23.282Z] [iam] checking project ball-of-duty-hq for permissions ["firebase.projects.get","firebasehosting.sites.update"]
[debug] [2026-08-09T07:35:23.290Z] Checked if tokens are valid: true, expires at: 1786262672325
[debug] [2026-08-09T07:35:23.290Z] Checked if tokens are valid: true, expires at: 1786262672325
[debug] [2026-08-09T07:35:23.291Z] >>> [apiv2][query] POST https://cloudresourcemanager.googleapis.com/v1/projects/ball-of-duty-hq:testIamPermissions [none]
[debug] [2026-08-09T07:35:23.291Z] >>> [apiv2][(partial)header] POST https://cloudresourcemanager.googleapis.com/v1/projects/ball-of-duty-hq:testIamPermissions  x-goog-user-project=ball-of-duty-hq
[debug] [2026-08-09T07:35:23.291Z] >>> [apiv2][body] POST https://cloudresourcemanager.googleapis.com/v1/projects/ball-of-duty-hq:testIamPermissions {"permissions":["firebase.projects.get","firebasehosting.sites.update"]}
[debug] [2026-08-09T07:35:24.317Z] <<< [apiv2][status] POST https://cloudresourcemanager.googleapis.com/v1/projects/ball-of-duty-hq:testIamPermissions 200
[debug] [2026-08-09T07:35:24.318Z] <<< [apiv2][body] POST https://cloudresourcemanager.googleapis.com/v1/projects/ball-of-duty-hq:testIamPermissions {"permissions":["firebase.projects.get","firebasehosting.sites.update"]}
[debug] [2026-08-09T07:35:24.318Z] Checked if tokens are valid: true, expires at: 1786262672325
[debug] [2026-08-09T07:35:24.318Z] Checked if tokens are valid: true, expires at: 1786262672325
[debug] [2026-08-09T07:35:24.318Z] >>> [apiv2][query] GET https://firebase.googleapis.com/v1beta1/projects/ball-of-duty-hq [none]
[debug] [2026-08-09T07:35:24.813Z] <<< [apiv2][status] GET https://firebase.googleapis.com/v1beta1/projects/ball-of-duty-hq 200
[debug] [2026-08-09T07:35:24.813Z] <<< [apiv2][body] GET https://firebase.googleapis.com/v1beta1/projects/ball-of-duty-hq {"projectId":"ball-of-duty-hq","projectNumber":"314051599258","displayName":"Ball of Duty HQ","name":"projects/ball-of-duty-hq","resources":{"hostingSite":"ball-of-duty-hq","realtimeDatabaseInstance":"ball-of-duty-hq-default-rtdb"},"state":"ACTIVE","labels":{"firebase":"enabled"},"etag":"1_b6702439-0a9e-48ff-8f05-a8587da38dd8"}
[info] 
[info] === Deploying to 'ball-of-duty-hq'...
[info] 
[info] i  deploying hosting 
[debug] [2026-08-09T07:35:24.814Z] Checked if tokens are valid: true, expires at: 1786262672325
[debug] [2026-08-09T07:35:24.814Z] Checked if tokens are valid: true, expires at: 1786262672325
[debug] [2026-08-09T07:35:24.814Z] >>> [apiv2][query] GET https://firebasehosting.googleapis.com/v1beta1/projects/ball-of-duty-hq/sites/ball-of-duty-hq [none]
[debug] [2026-08-09T07:35:25.825Z] <<< [apiv2][status] GET https://firebasehosting.googleapis.com/v1beta1/projects/ball-of-duty-hq/sites/ball-of-duty-hq 200
[debug] [2026-08-09T07:35:25.825Z] <<< [apiv2][body] GET https://firebasehosting.googleapis.com/v1beta1/projects/ball-of-duty-hq/sites/ball-of-duty-hq {"name":"projects/ball-of-duty-hq/sites/ball-of-duty-hq","defaultUrl":"https://ball-of-duty-hq.web.app","appId":"1:314051599258:web:8b1732ebf9aaadc9b4b823","type":"DEFAULT_SITE"}
[debug] [2026-08-09T07:35:25.828Z] Checked if tokens are valid: true, expires at: 1786262672325
[debug] [2026-08-09T07:35:25.828Z] Checked if tokens are valid: true, expires at: 1786262672325
[debug] [2026-08-09T07:35:25.829Z] >>> [apiv2][query] POST https://firebasehosting.googleapis.com/v1beta1/projects/-/sites/ball-of-duty-hq/versions [none]
[debug] [2026-08-09T07:35:25.829Z] >>> [apiv2][body] POST https://firebasehosting.googleapis.com/v1beta1/projects/-/sites/ball-of-duty-hq/versions {"status":"CREATED","labels":{"deployment-tool":"cli-firebase"}}
[debug] [2026-08-09T07:35:27.250Z] <<< [apiv2][status] POST https://firebasehosting.googleapis.com/v1beta1/projects/-/sites/ball-of-duty-hq/versions 200
[debug] [2026-08-09T07:35:27.250Z] <<< [apiv2][body] POST https://firebasehosting.googleapis.com/v1beta1/projects/-/sites/ball-of-duty-hq/versions {"name":"projects/314051599258/sites/ball-of-duty-hq/versions/1af964f51b5ff4ee","status":"CREATED","config":{},"labels":{"deployment-tool":"cli-firebase"}}
[info] i  hosting[ball-of-duty-hq]: beginning deploy... 
[info] i  hosting[ball-of-duty-hq]: found 7 files in dist 
[debug] [2026-08-09T07:35:27.257Z] [hosting] uploading with 200 concurrency
[debug] [2026-08-09T07:35:27.292Z] Checked if tokens are valid: true, expires at: 1786262672325
[debug] [2026-08-09T07:35:27.292Z] Checked if tokens are valid: true, expires at: 1786262672325
[debug] [2026-08-09T07:35:27.293Z] [hosting] hash cache [ZGlzdA] stored for 7 files
[debug] [2026-08-09T07:35:27.293Z] [hosting][hash queue][FINAL] {"max":33,"min":0,"avg":11.571428571428571,"active":0,"complete":7,"success":7,"errored":0,"retried":0,"total":7,"elapsed":35}
[debug] [2026-08-09T07:35:27.293Z] >>> [apiv2][query] POST https://firebasehosting.googleapis.com/v1beta1/projects/314051599258/sites/ball-of-duty-hq/versions/1af964f51b5ff4ee:populateFiles [none]
[debug] [2026-08-09T07:35:27.293Z] >>> [apiv2][body] POST https://firebasehosting.googleapis.com/v1beta1/projects/314051599258/sites/ball-of-duty-hq/versions/1af964f51b5ff4ee:populateFiles {"files":{"/assets/brand/bod-dashboard-banner-v2.png":"018ae69ee2353491547e6e20e03e65979e5572c4050b4602c925bc4261a83bad","/assets/brand/bod-crest-v2.png":"42f88f1b9c07994106c9edbd6f12a1288631cff6c6c776c736813894690c77ae","/index.html":"1d4a967f92034d93890653a1112bc061726bf6866eaa4d27ea003c9ac351c0df","/assets/index-CdjI8v2Z.css":"5aa78ce5cc7b2254568a6a829d6e1e6a0d09e343025ac59c46c70eac1cd0d16f","/assets/index-ZjHK39lZ.js":"bc652e2c9688d3c38c772e1d7384be52af07db0249117d8ba9e1f28b704e49d0","/assets/brand/bod-crest-v3.png":"f8e4fa8ed0384d1e2b4908d76681b386c7f238386cf799bb538dac0fc6fdcdcf","/assets/brand/bod-dashboard-banner-v3.png":"6987dbc609981b3a9f017d3541e21550ab8cab318a9a34169b58e37f2f0094e0"}}
[debug] [2026-08-09T07:35:28.208Z] <<< [apiv2][status] POST https://firebasehosting.googleapis.com/v1beta1/projects/314051599258/sites/ball-of-duty-hq/versions/1af964f51b5ff4ee:populateFiles 200
[debug] [2026-08-09T07:35:28.209Z] <<< [apiv2][body] POST https://firebasehosting.googleapis.com/v1beta1/projects/314051599258/sites/ball-of-duty-hq/versions/1af964f51b5ff4ee:populateFiles {"uploadRequiredHashes":["1d4a967f92034d93890653a1112bc061726bf6866eaa4d27ea003c9ac351c0df","5aa78ce5cc7b2254568a6a829d6e1e6a0d09e343025ac59c46c70eac1cd0d16f","bc652e2c9688d3c38c772e1d7384be52af07db0249117d8ba9e1f28b704e49d0","f8e4fa8ed0384d1e2b4908d76681b386c7f238386cf799bb538dac0fc6fdcdcf","6987dbc609981b3a9f017d3541e21550ab8cab318a9a34169b58e37f2f0094e0"],"uploadUrl":"https://upload-firebasehosting.googleapis.com/upload/sites/ball-of-duty-hq/versions/1af964f51b5ff4ee/files"}
[debug] [2026-08-09T07:35:28.209Z] Checked if tokens are valid: true, expires at: 1786262672325
[debug] [2026-08-09T07:35:28.209Z] Checked if tokens are valid: true, expires at: 1786262672325
[debug] [2026-08-09T07:35:28.209Z] Checked if tokens are valid: true, expires at: 1786262672325
[debug] [2026-08-09T07:35:28.209Z] Checked if tokens are valid: true, expires at: 1786262672325
[debug] [2026-08-09T07:35:28.209Z] Checked if tokens are valid: true, expires at: 1786262672325
[debug] [2026-08-09T07:35:28.209Z] Checked if tokens are valid: true, expires at: 1786262672325
[debug] [2026-08-09T07:35:28.209Z] Checked if tokens are valid: true, expires at: 1786262672325
[debug] [2026-08-09T07:35:28.209Z] Checked if tokens are valid: true, expires at: 1786262672325
[debug] [2026-08-09T07:35:28.209Z] Checked if tokens are valid: true, expires at: 1786262672325
[debug] [2026-08-09T07:35:28.209Z] Checked if tokens are valid: true, expires at: 1786262672325
[debug] [2026-08-09T07:35:28.210Z] >>> [apiv2][query] POST https://upload-firebasehosting.googleapis.com/upload/sites/ball-of-duty-hq/versions/1af964f51b5ff4ee/files/1d4a967f92034d93890653a1112bc061726bf6866eaa4d27ea003c9ac351c0df [none]
[debug] [2026-08-09T07:35:28.210Z] >>> [apiv2][body] POST https://upload-firebasehosting.googleapis.com/upload/sites/ball-of-duty-hq/versions/1af964f51b5ff4ee/files/1d4a967f92034d93890653a1112bc061726bf6866eaa4d27ea003c9ac351c0df [stream]
[debug] [2026-08-09T07:35:28.210Z] >>> [apiv2][query] POST https://upload-firebasehosting.googleapis.com/upload/sites/ball-of-duty-hq/versions/1af964f51b5ff4ee/files/5aa78ce5cc7b2254568a6a829d6e1e6a0d09e343025ac59c46c70eac1cd0d16f [none]
[debug] [2026-08-09T07:35:28.210Z] >>> [apiv2][body] POST https://upload-firebasehosting.googleapis.com/upload/sites/ball-of-duty-hq/versions/1af964f51b5ff4ee/files/5aa78ce5cc7b2254568a6a829d6e1e6a0d09e343025ac59c46c70eac1cd0d16f [stream]
[debug] [2026-08-09T07:35:28.210Z] >>> [apiv2][query] POST https://upload-firebasehosting.googleapis.com/upload/sites/ball-of-duty-hq/versions/1af964f51b5ff4ee/files/bc652e2c9688d3c38c772e1d7384be52af07db0249117d8ba9e1f28b704e49d0 [none]
[debug] [2026-08-09T07:35:28.210Z] >>> [apiv2][body] POST https://upload-firebasehosting.googleapis.com/upload/sites/ball-of-duty-hq/versions/1af964f51b5ff4ee/files/bc652e2c9688d3c38c772e1d7384be52af07db0249117d8ba9e1f28b704e49d0 [stream]
[debug] [2026-08-09T07:35:28.211Z] >>> [apiv2][query] POST https://upload-firebasehosting.googleapis.com/upload/sites/ball-of-duty-hq/versions/1af964f51b5ff4ee/files/f8e4fa8ed0384d1e2b4908d76681b386c7f238386cf799bb538dac0fc6fdcdcf [none]
[debug] [2026-08-09T07:35:28.211Z] >>> [apiv2][body] POST https://upload-firebasehosting.googleapis.com/upload/sites/ball-of-duty-hq/versions/1af964f51b5ff4ee/files/f8e4fa8ed0384d1e2b4908d76681b386c7f238386cf799bb538dac0fc6fdcdcf [stream]
[debug] [2026-08-09T07:35:28.211Z] >>> [apiv2][query] POST https://upload-firebasehosting.googleapis.com/upload/sites/ball-of-duty-hq/versions/1af964f51b5ff4ee/files/6987dbc609981b3a9f017d3541e21550ab8cab318a9a34169b58e37f2f0094e0 [none]
[debug] [2026-08-09T07:35:28.211Z] >>> [apiv2][body] POST https://upload-firebasehosting.googleapis.com/upload/sites/ball-of-duty-hq/versions/1af964f51b5ff4ee/files/6987dbc609981b3a9f017d3541e21550ab8cab318a9a34169b58e37f2f0094e0 [stream]
[debug] [2026-08-09T07:35:28.213Z] [hosting][populate queue][FINAL] {"max":917,"min":917,"avg":917,"active":0,"complete":1,"success":1,"errored":0,"retried":0,"total":1,"elapsed":921}
[debug] [2026-08-09T07:35:28.213Z] [hosting] uploads queued: 5
[debug] [2026-08-09T07:35:29.241Z] <<< [apiv2][status] POST https://upload-firebasehosting.googleapis.com/upload/sites/ball-of-duty-hq/versions/1af964f51b5ff4ee/files/1d4a967f92034d93890653a1112bc061726bf6866eaa4d27ea003c9ac351c0df 200
[debug] [2026-08-09T07:35:29.241Z] <<< [apiv2][body] POST https://upload-firebasehosting.googleapis.com/upload/sites/ball-of-duty-hq/versions/1af964f51b5ff4ee/files/1d4a967f92034d93890653a1112bc061726bf6866eaa4d27ea003c9ac351c0df [stream]
[debug] [2026-08-09T07:35:29.247Z] <<< [apiv2][status] POST https://upload-firebasehosting.googleapis.com/upload/sites/ball-of-duty-hq/versions/1af964f51b5ff4ee/files/5aa78ce5cc7b2254568a6a829d6e1e6a0d09e343025ac59c46c70eac1cd0d16f 200
[debug] [2026-08-09T07:35:29.248Z] <<< [apiv2][body] POST https://upload-firebasehosting.googleapis.com/upload/sites/ball-of-duty-hq/versions/1af964f51b5ff4ee/files/5aa78ce5cc7b2254568a6a829d6e1e6a0d09e343025ac59c46c70eac1cd0d16f [stream]
[info] i  hosting: uploading new files [2/5] (40%) 
[debug] [2026-08-09T07:35:29.456Z] <<< [apiv2][status] POST https://upload-firebasehosting.googleapis.com/upload/sites/ball-of-duty-hq/versions/1af964f51b5ff4ee/files/bc652e2c9688d3c38c772e1d7384be52af07db0249117d8ba9e1f28b704e49d0 200
[debug] [2026-08-09T07:35:29.456Z] <<< [apiv2][body] POST https://upload-firebasehosting.googleapis.com/upload/sites/ball-of-duty-hq/versions/1af964f51b5ff4ee/files/bc652e2c9688d3c38c772e1d7384be52af07db0249117d8ba9e1f28b704e49d0 [stream]
[debug] [2026-08-09T07:35:29.706Z] <<< [apiv2][status] POST https://upload-firebasehosting.googleapis.com/upload/sites/ball-of-duty-hq/versions/1af964f51b5ff4ee/files/f8e4fa8ed0384d1e2b4908d76681b386c7f238386cf799bb538dac0fc6fdcdcf 200
[debug] [2026-08-09T07:35:29.706Z] <<< [apiv2][body] POST https://upload-firebasehosting.googleapis.com/upload/sites/ball-of-duty-hq/versions/1af964f51b5ff4ee/files/f8e4fa8ed0384d1e2b4908d76681b386c7f238386cf799bb538dac0fc6fdcdcf [stream]
[debug] [2026-08-09T07:35:30.095Z] <<< [apiv2][status] POST https://upload-firebasehosting.googleapis.com/upload/sites/ball-of-duty-hq/versions/1af964f51b5ff4ee/files/6987dbc609981b3a9f017d3541e21550ab8cab318a9a34169b58e37f2f0094e0 200
[debug] [2026-08-09T07:35:30.095Z] <<< [apiv2][body] POST https://upload-firebasehosting.googleapis.com/upload/sites/ball-of-duty-hq/versions/1af964f51b5ff4ee/files/6987dbc609981b3a9f017d3541e21550ab8cab318a9a34169b58e37f2f0094e0 [stream]
[debug] [2026-08-09T07:35:30.096Z] [hosting][upload queue][FINAL] {"max":1886,"min":1032,"avg":1340.2,"active":0,"complete":5,"success":5,"errored":0,"retried":0,"total":5,"elapsed":1887}
[info] i  hosting: upload complete 
[info] +  hosting[ball-of-duty-hq]: file upload complete 
[debug] [2026-08-09T07:35:30.096Z] [hosting] deploy completed after 2845ms
[debug] [2026-08-09T07:35:30.096Z] [
  {
    "config": {
      "public": "dist",
      "ignore": [
        "firebase.json",
        "**/.*",
        "**/node_modules/**"
      ],
      "rewrites": [
        {
          "source": "**",
          "destination": "/index.html"
        }
      ],
      "site": "ball-of-duty-hq"
    },
    "version": "projects/314051599258/sites/ball-of-duty-hq/versions/1af964f51b5ff4ee"
  }
]
[info] i  hosting[ball-of-duty-hq]: finalizing version... 
[debug] [2026-08-09T07:35:30.096Z] Checked if tokens are valid: true, expires at: 1786262672325
[debug] [2026-08-09T07:35:30.097Z] Checked if tokens are valid: true, expires at: 1786262672325
[debug] [2026-08-09T07:35:30.097Z] >>> [apiv2][query] PATCH https://firebasehosting.googleapis.com/v1beta1/projects/-/sites/ball-of-duty-hq/versions/1af964f51b5ff4ee updateMask=status%2Cconfig
[debug] [2026-08-09T07:35:30.097Z] >>> [apiv2][body] PATCH https://firebasehosting.googleapis.com/v1beta1/projects/-/sites/ball-of-duty-hq/versions/1af964f51b5ff4ee {"status":"FINALIZED","config":{"rewrites":[{"glob":"**","path":"/index.html"}]}}
[debug] [2026-08-09T07:35:31.787Z] <<< [apiv2][status] PATCH https://firebasehosting.googleapis.com/v1beta1/projects/-/sites/ball-of-duty-hq/versions/1af964f51b5ff4ee 200
[debug] [2026-08-09T07:35:31.787Z] <<< [apiv2][body] PATCH https://firebasehosting.googleapis.com/v1beta1/projects/-/sites/ball-of-duty-hq/versions/1af964f51b5ff4ee {"name":"projects/314051599258/sites/ball-of-duty-hq/versions/1af964f51b5ff4ee","status":"FINALIZED","config":{"rewrites":[{"glob":"**","path":"/index.html"}]},"labels":{"deployment-tool":"cli-firebase"},"createTime":"2026-08-09T07:35:28.213930Z","createUser":{"email":"mr.csocsics@gmail.com"},"finalizeTime":"2026-08-09T07:35:33.551289Z","finalizeUser":{"email":"mr.csocsics@gmail.com"}}
[debug] [2026-08-09T07:35:31.787Z] [hosting] finalized version for ball-of-duty-hq:[object Object]
[info] +  hosting[ball-of-duty-hq]: version finalized 
[info] i  hosting[ball-of-duty-hq]: releasing new version... 
[debug] [2026-08-09T07:35:31.787Z] Checked if tokens are valid: true, expires at: 1786262672325
[debug] [2026-08-09T07:35:31.787Z] Checked if tokens are valid: true, expires at: 1786262672325
[debug] [2026-08-09T07:35:31.787Z] >>> [apiv2][query] POST https://firebasehosting.googleapis.com/v1beta1/projects/-/sites/ball-of-duty-hq/channels/live/releases versionName=projects%2F314051599258%2Fsites%2Fball-of-duty-hq%2Fversions%2F1af964f51b5ff4ee
[debug] [2026-08-09T07:35:31.787Z] >>> [apiv2][body] POST https://firebasehosting.googleapis.com/v1beta1/projects/-/sites/ball-of-duty-hq/channels/live/releases {}
[debug] [2026-08-09T07:35:33.278Z] <<< [apiv2][status] POST https://firebasehosting.googleapis.com/v1beta1/projects/-/sites/ball-of-duty-hq/channels/live/releases 200
[debug] [2026-08-09T07:35:33.278Z] <<< [apiv2][body] POST https://firebasehosting.googleapis.com/v1beta1/projects/-/sites/ball-of-duty-hq/channels/live/releases {"name":"projects/314051599258/sites/ball-of-duty-hq/channels/live/releases/1786260934096000","version":{"name":"projects/314051599258/sites/ball-of-duty-hq/versions/1af964f51b5ff4ee","status":"FINALIZED","config":{"rewrites":[{"glob":"**","path":"/index.html"}]},"labels":{"deployment-tool":"cli-firebase"},"createTime":"2026-08-09T07:35:28.213930Z","createUser":{"email":"mr.csocsics@gmail.com","imageUrl":"https://lh3.googleusercontent.com/a/ACg8ocIxNTph7K1UbdrbLlqMPLDLLxPA2PgbAv5CUOcgXJ6IiL3Sag=mo"},"finalizeTime":"2026-08-09T07:35:33.551289Z","finalizeUser":{"email":"mr.csocsics@gmail.com","imageUrl":"https://lh3.googleusercontent.com/a/ACg8ocIxNTph7K1UbdrbLlqMPLDLLxPA2PgbAv5CUOcgXJ6IiL3Sag=mo"}},"type":"DEPLOY","releaseTime":"2026-08-09T07:35:34.096Z","releaseUser":{"email":"mr.csocsics@gmail.com","imageUrl":"https://lh3.googleusercontent.com/a/ACg8ocIxNTph7K1UbdrbLlqMPLDLLxPA2PgbAv5CUOcgXJ6IiL3Sag=mo"}}
[debug] [2026-08-09T07:35:33.278Z] [hosting] release: {"name":"projects/314051599258/sites/ball-of-duty-hq/channels/live/releases/1786260934096000","version":{"name":"projects/314051599258/sites/ball-of-duty-hq/versions/1af964f51b5ff4ee","status":"FINALIZED","config":{"rewrites":[{"glob":"**","path":"/index.html"}]},"labels":{"deployment-tool":"cli-firebase"},"createTime":"2026-08-09T07:35:28.213930Z","createUser":{"email":"mr.csocsics@gmail.com","imageUrl":"https://lh3.googleusercontent.com/a/ACg8ocIxNTph7K1UbdrbLlqMPLDLLxPA2PgbAv5CUOcgXJ6IiL3Sag=mo"},"finalizeTime":"2026-08-09T07:35:33.551289Z","finalizeUser":{"email":"mr.csocsics@gmail.com","imageUrl":"https://lh3.googleusercontent.com/a/ACg8ocIxNTph7K1UbdrbLlqMPLDLLxPA2PgbAv5CUOcgXJ6IiL3Sag=mo"}},"type":"DEPLOY","releaseTime":"2026-08-09T07:35:34.096Z","releaseUser":{"email":"mr.csocsics@gmail.com","imageUrl":"https://lh3.googleusercontent.com/a/ACg8ocIxNTph7K1UbdrbLlqMPLDLLxPA2PgbAv5CUOcgXJ6IiL3Sag=mo"}}
[info] +  hosting[ball-of-duty-hq]: release complete 
[info] 
[info] +  Deploy complete! 
[info] 
[info] Project Console: https://console.firebase.google.com/project/ball-of-duty-hq/overview
[info] Hosting URL: https://ball-of-duty-hq.web.app
[debug] [2026-08-09T07:39:00.035Z] ----------------------------------------------------------------------
[debug] [2026-08-09T07:39:00.036Z] Command:       C:\Program Files\nodejs\node.exe C:\Users\mrcso\AppData\Roaming\npm\node_modules\firebase-tools\lib\bin\firebase.js deploy --only hosting
[debug] [2026-08-09T07:39:00.037Z] CLI Version:   15.26.0
[debug] [2026-08-09T07:39:00.037Z] Platform:      win32
[debug] [2026-08-09T07:39:00.037Z] Node Version:  v24.15.0
[debug] [2026-08-09T07:39:00.037Z] Detected Agent: codex_cli
[debug] [2026-08-09T07:39:00.037Z] Time:          Sun Aug 09 2026 09:39:00 GMT+0200 (közép-európai nyári idő)
[debug] [2026-08-09T07:39:00.037Z] ----------------------------------------------------------------------
[debug] 
[debug] [2026-08-09T07:39:00.814Z] > command requires scopes: ["email","openid","https://www.googleapis.com/auth/cloudplatformprojects.readonly","https://www.googleapis.com/auth/firebase","https://www.googleapis.com/auth/cloud-platform"]
[debug] [2026-08-09T07:39:00.814Z] > authorizing via signed-in user (mr.csocsics@gmail.com)
[debug] [2026-08-09T07:39:00.814Z] [iam] checking project ball-of-duty-hq for permissions ["firebase.projects.get","firebasehosting.sites.update"]
[debug] [2026-08-09T07:39:00.821Z] Checked if tokens are valid: true, expires at: 1786262672325
[debug] [2026-08-09T07:39:00.821Z] Checked if tokens are valid: true, expires at: 1786262672325
[debug] [2026-08-09T07:39:00.822Z] >>> [apiv2][query] POST https://cloudresourcemanager.googleapis.com/v1/projects/ball-of-duty-hq:testIamPermissions [none]
[debug] [2026-08-09T07:39:00.822Z] >>> [apiv2][(partial)header] POST https://cloudresourcemanager.googleapis.com/v1/projects/ball-of-duty-hq:testIamPermissions  x-goog-user-project=ball-of-duty-hq
[debug] [2026-08-09T07:39:00.822Z] >>> [apiv2][body] POST https://cloudresourcemanager.googleapis.com/v1/projects/ball-of-duty-hq:testIamPermissions {"permissions":["firebase.projects.get","firebasehosting.sites.update"]}
[debug] [2026-08-09T07:39:01.777Z] <<< [apiv2][status] POST https://cloudresourcemanager.googleapis.com/v1/projects/ball-of-duty-hq:testIamPermissions 200
[debug] [2026-08-09T07:39:01.777Z] <<< [apiv2][body] POST https://cloudresourcemanager.googleapis.com/v1/projects/ball-of-duty-hq:testIamPermissions {"permissions":["firebase.projects.get","firebasehosting.sites.update"]}
[debug] [2026-08-09T07:39:01.778Z] Checked if tokens are valid: true, expires at: 1786262672325
[debug] [2026-08-09T07:39:01.778Z] Checked if tokens are valid: true, expires at: 1786262672325
[debug] [2026-08-09T07:39:01.778Z] >>> [apiv2][query] GET https://firebase.googleapis.com/v1beta1/projects/ball-of-duty-hq [none]
[debug] [2026-08-09T07:39:02.238Z] <<< [apiv2][status] GET https://firebase.googleapis.com/v1beta1/projects/ball-of-duty-hq 200
[debug] [2026-08-09T07:39:02.238Z] <<< [apiv2][body] GET https://firebase.googleapis.com/v1beta1/projects/ball-of-duty-hq {"projectId":"ball-of-duty-hq","projectNumber":"314051599258","displayName":"Ball of Duty HQ","name":"projects/ball-of-duty-hq","resources":{"hostingSite":"ball-of-duty-hq","realtimeDatabaseInstance":"ball-of-duty-hq-default-rtdb"},"state":"ACTIVE","labels":{"firebase":"enabled"},"etag":"1_b6702439-0a9e-48ff-8f05-a8587da38dd8"}
[info] 
[info] === Deploying to 'ball-of-duty-hq'...
[info] 
[info] i  deploying hosting 
[debug] [2026-08-09T07:39:02.240Z] Checked if tokens are valid: true, expires at: 1786262672325
[debug] [2026-08-09T07:39:02.240Z] Checked if tokens are valid: true, expires at: 1786262672325
[debug] [2026-08-09T07:39:02.240Z] >>> [apiv2][query] GET https://firebasehosting.googleapis.com/v1beta1/projects/ball-of-duty-hq/sites/ball-of-duty-hq [none]
[debug] [2026-08-09T07:39:03.542Z] <<< [apiv2][status] GET https://firebasehosting.googleapis.com/v1beta1/projects/ball-of-duty-hq/sites/ball-of-duty-hq 200
[debug] [2026-08-09T07:39:03.542Z] <<< [apiv2][body] GET https://firebasehosting.googleapis.com/v1beta1/projects/ball-of-duty-hq/sites/ball-of-duty-hq {"name":"projects/ball-of-duty-hq/sites/ball-of-duty-hq","defaultUrl":"https://ball-of-duty-hq.web.app","appId":"1:314051599258:web:8b1732ebf9aaadc9b4b823","type":"DEFAULT_SITE"}
[debug] [2026-08-09T07:39:03.545Z] Checked if tokens are valid: true, expires at: 1786262672325
[debug] [2026-08-09T07:39:03.545Z] Checked if tokens are valid: true, expires at: 1786262672325
[debug] [2026-08-09T07:39:03.546Z] >>> [apiv2][query] POST https://firebasehosting.googleapis.com/v1beta1/projects/-/sites/ball-of-duty-hq/versions [none]
[debug] [2026-08-09T07:39:03.546Z] >>> [apiv2][body] POST https://firebasehosting.googleapis.com/v1beta1/projects/-/sites/ball-of-duty-hq/versions {"status":"CREATED","labels":{"deployment-tool":"cli-firebase"}}
[debug] [2026-08-09T07:39:05.093Z] <<< [apiv2][status] POST https://firebasehosting.googleapis.com/v1beta1/projects/-/sites/ball-of-duty-hq/versions 200
[debug] [2026-08-09T07:39:05.093Z] <<< [apiv2][body] POST https://firebasehosting.googleapis.com/v1beta1/projects/-/sites/ball-of-duty-hq/versions {"name":"projects/314051599258/sites/ball-of-duty-hq/versions/8ba5ba8e439c5a19","status":"CREATED","config":{},"labels":{"deployment-tool":"cli-firebase"}}
[info] i  hosting[ball-of-duty-hq]: beginning deploy... 
[info] i  hosting[ball-of-duty-hq]: found 7 files in dist 
[debug] [2026-08-09T07:39:05.101Z] [hosting] uploading with 200 concurrency
[debug] [2026-08-09T07:39:05.119Z] Checked if tokens are valid: true, expires at: 1786262672325
[debug] [2026-08-09T07:39:05.119Z] Checked if tokens are valid: true, expires at: 1786262672325
[debug] [2026-08-09T07:39:05.120Z] [hosting] hash cache [ZGlzdA] stored for 7 files
[debug] [2026-08-09T07:39:05.121Z] [hosting][hash queue][FINAL] {"max":16,"min":0,"avg":3.2857142857142856,"active":0,"complete":7,"success":7,"errored":0,"retried":0,"total":7,"elapsed":19}
[debug] [2026-08-09T07:39:05.121Z] >>> [apiv2][query] POST https://firebasehosting.googleapis.com/v1beta1/projects/314051599258/sites/ball-of-duty-hq/versions/8ba5ba8e439c5a19:populateFiles [none]
[debug] [2026-08-09T07:39:05.121Z] >>> [apiv2][body] POST https://firebasehosting.googleapis.com/v1beta1/projects/314051599258/sites/ball-of-duty-hq/versions/8ba5ba8e439c5a19:populateFiles {"files":{"/assets/brand/bod-dashboard-banner-v3.png":"6987dbc609981b3a9f017d3541e21550ab8cab318a9a34169b58e37f2f0094e0","/assets/brand/bod-dashboard-banner-v2.png":"018ae69ee2353491547e6e20e03e65979e5572c4050b4602c925bc4261a83bad","/assets/brand/bod-crest-v3.png":"f8e4fa8ed0384d1e2b4908d76681b386c7f238386cf799bb538dac0fc6fdcdcf","/assets/brand/bod-crest-v2.png":"42f88f1b9c07994106c9edbd6f12a1288631cff6c6c776c736813894690c77ae","/index.html":"c8c9a26acaa69517efefcb17fb7ab17601f137be083b76ceae221741a685875d","/assets/index-C9WIr3Bt.css":"48ed21d685fa346b999a3694c89bbba208e2db800a75497d5e1981feeaa6d078","/assets/index-udZt_hAZ.js":"bc652e2c9688d3c38c772e1d7384be52af07db0249117d8ba9e1f28b704e49d0"}}
[debug] [2026-08-09T07:39:05.946Z] <<< [apiv2][status] POST https://firebasehosting.googleapis.com/v1beta1/projects/314051599258/sites/ball-of-duty-hq/versions/8ba5ba8e439c5a19:populateFiles 200
[debug] [2026-08-09T07:39:05.946Z] <<< [apiv2][body] POST https://firebasehosting.googleapis.com/v1beta1/projects/314051599258/sites/ball-of-duty-hq/versions/8ba5ba8e439c5a19:populateFiles {"uploadRequiredHashes":["c8c9a26acaa69517efefcb17fb7ab17601f137be083b76ceae221741a685875d","48ed21d685fa346b999a3694c89bbba208e2db800a75497d5e1981feeaa6d078"],"uploadUrl":"https://upload-firebasehosting.googleapis.com/upload/sites/ball-of-duty-hq/versions/8ba5ba8e439c5a19/files"}
[debug] [2026-08-09T07:39:05.947Z] Checked if tokens are valid: true, expires at: 1786262672325
[debug] [2026-08-09T07:39:05.947Z] Checked if tokens are valid: true, expires at: 1786262672325
[debug] [2026-08-09T07:39:05.947Z] Checked if tokens are valid: true, expires at: 1786262672325
[debug] [2026-08-09T07:39:05.947Z] Checked if tokens are valid: true, expires at: 1786262672325
[debug] [2026-08-09T07:39:05.947Z] >>> [apiv2][query] POST https://upload-firebasehosting.googleapis.com/upload/sites/ball-of-duty-hq/versions/8ba5ba8e439c5a19/files/c8c9a26acaa69517efefcb17fb7ab17601f137be083b76ceae221741a685875d [none]
[debug] [2026-08-09T07:39:05.947Z] >>> [apiv2][body] POST https://upload-firebasehosting.googleapis.com/upload/sites/ball-of-duty-hq/versions/8ba5ba8e439c5a19/files/c8c9a26acaa69517efefcb17fb7ab17601f137be083b76ceae221741a685875d [stream]
[debug] [2026-08-09T07:39:05.947Z] >>> [apiv2][query] POST https://upload-firebasehosting.googleapis.com/upload/sites/ball-of-duty-hq/versions/8ba5ba8e439c5a19/files/48ed21d685fa346b999a3694c89bbba208e2db800a75497d5e1981feeaa6d078 [none]
[debug] [2026-08-09T07:39:05.947Z] >>> [apiv2][body] POST https://upload-firebasehosting.googleapis.com/upload/sites/ball-of-duty-hq/versions/8ba5ba8e439c5a19/files/48ed21d685fa346b999a3694c89bbba208e2db800a75497d5e1981feeaa6d078 [stream]
[debug] [2026-08-09T07:39:05.948Z] [hosting][populate queue][FINAL] {"max":828,"min":828,"avg":828,"active":0,"complete":1,"success":1,"errored":0,"retried":0,"total":1,"elapsed":829}
[debug] [2026-08-09T07:39:05.949Z] [hosting] uploads queued: 2
[debug] [2026-08-09T07:39:06.882Z] <<< [apiv2][status] POST https://upload-firebasehosting.googleapis.com/upload/sites/ball-of-duty-hq/versions/8ba5ba8e439c5a19/files/c8c9a26acaa69517efefcb17fb7ab17601f137be083b76ceae221741a685875d 200
[debug] [2026-08-09T07:39:06.882Z] <<< [apiv2][body] POST https://upload-firebasehosting.googleapis.com/upload/sites/ball-of-duty-hq/versions/8ba5ba8e439c5a19/files/c8c9a26acaa69517efefcb17fb7ab17601f137be083b76ceae221741a685875d [stream]
[debug] [2026-08-09T07:39:06.968Z] <<< [apiv2][status] POST https://upload-firebasehosting.googleapis.com/upload/sites/ball-of-duty-hq/versions/8ba5ba8e439c5a19/files/48ed21d685fa346b999a3694c89bbba208e2db800a75497d5e1981feeaa6d078 200
[debug] [2026-08-09T07:39:06.968Z] <<< [apiv2][body] POST https://upload-firebasehosting.googleapis.com/upload/sites/ball-of-duty-hq/versions/8ba5ba8e439c5a19/files/48ed21d685fa346b999a3694c89bbba208e2db800a75497d5e1981feeaa6d078 [stream]
[debug] [2026-08-09T07:39:06.969Z] [hosting][upload queue][FINAL] {"max":1022,"min":936,"avg":979,"active":0,"complete":2,"success":2,"errored":0,"retried":0,"total":2,"elapsed":1023}
[info] i  hosting: upload complete 
[info] +  hosting[ball-of-duty-hq]: file upload complete 
[debug] [2026-08-09T07:39:06.969Z] [hosting] deploy completed after 1875ms
[debug] [2026-08-09T07:39:06.969Z] [
  {
    "config": {
      "public": "dist",
      "ignore": [
        "firebase.json",
        "**/.*",
        "**/node_modules/**"
      ],
      "rewrites": [
        {
          "source": "**",
          "destination": "/index.html"
        }
      ],
      "site": "ball-of-duty-hq"
    },
    "version": "projects/314051599258/sites/ball-of-duty-hq/versions/8ba5ba8e439c5a19"
  }
]
[info] i  hosting[ball-of-duty-hq]: finalizing version... 
[debug] [2026-08-09T07:39:06.970Z] Checked if tokens are valid: true, expires at: 1786262672325
[debug] [2026-08-09T07:39:06.970Z] Checked if tokens are valid: true, expires at: 1786262672325
[debug] [2026-08-09T07:39:06.970Z] >>> [apiv2][query] PATCH https://firebasehosting.googleapis.com/v1beta1/projects/-/sites/ball-of-duty-hq/versions/8ba5ba8e439c5a19 updateMask=status%2Cconfig
[debug] [2026-08-09T07:39:06.970Z] >>> [apiv2][body] PATCH https://firebasehosting.googleapis.com/v1beta1/projects/-/sites/ball-of-duty-hq/versions/8ba5ba8e439c5a19 {"status":"FINALIZED","config":{"rewrites":[{"glob":"**","path":"/index.html"}]}}
[debug] [2026-08-09T07:39:08.430Z] <<< [apiv2][status] PATCH https://firebasehosting.googleapis.com/v1beta1/projects/-/sites/ball-of-duty-hq/versions/8ba5ba8e439c5a19 200
[debug] [2026-08-09T07:39:08.430Z] <<< [apiv2][body] PATCH https://firebasehosting.googleapis.com/v1beta1/projects/-/sites/ball-of-duty-hq/versions/8ba5ba8e439c5a19 {"name":"projects/314051599258/sites/ball-of-duty-hq/versions/8ba5ba8e439c5a19","status":"FINALIZED","config":{"rewrites":[{"glob":"**","path":"/index.html"}]},"labels":{"deployment-tool":"cli-firebase"},"createTime":"2026-08-09T07:39:05.975193Z","createUser":{"email":"mr.csocsics@gmail.com"},"finalizeTime":"2026-08-09T07:39:10.248422Z","finalizeUser":{"email":"mr.csocsics@gmail.com"}}
[debug] [2026-08-09T07:39:08.430Z] [hosting] finalized version for ball-of-duty-hq:[object Object]
[info] +  hosting[ball-of-duty-hq]: version finalized 
[info] i  hosting[ball-of-duty-hq]: releasing new version... 
[debug] [2026-08-09T07:39:08.430Z] Checked if tokens are valid: true, expires at: 1786262672325
[debug] [2026-08-09T07:39:08.430Z] Checked if tokens are valid: true, expires at: 1786262672325
[debug] [2026-08-09T07:39:08.430Z] >>> [apiv2][query] POST https://firebasehosting.googleapis.com/v1beta1/projects/-/sites/ball-of-duty-hq/channels/live/releases versionName=projects%2F314051599258%2Fsites%2Fball-of-duty-hq%2Fversions%2F8ba5ba8e439c5a19
[debug] [2026-08-09T07:39:08.430Z] >>> [apiv2][body] POST https://firebasehosting.googleapis.com/v1beta1/projects/-/sites/ball-of-duty-hq/channels/live/releases {}
[debug] [2026-08-09T07:39:09.779Z] <<< [apiv2][status] POST https://firebasehosting.googleapis.com/v1beta1/projects/-/sites/ball-of-duty-hq/channels/live/releases 200
[debug] [2026-08-09T07:39:09.779Z] <<< [apiv2][body] POST https://firebasehosting.googleapis.com/v1beta1/projects/-/sites/ball-of-duty-hq/channels/live/releases {"name":"projects/314051599258/sites/ball-of-duty-hq/channels/live/releases/1786261150613000","version":{"name":"projects/314051599258/sites/ball-of-duty-hq/versions/8ba5ba8e439c5a19","status":"FINALIZED","config":{"rewrites":[{"glob":"**","path":"/index.html"}]},"labels":{"deployment-tool":"cli-firebase"},"createTime":"2026-08-09T07:39:05.975193Z","createUser":{"email":"mr.csocsics@gmail.com","imageUrl":"https://lh3.googleusercontent.com/a/ACg8ocIxNTph7K1UbdrbLlqMPLDLLxPA2PgbAv5CUOcgXJ6IiL3Sag=mo"},"finalizeTime":"2026-08-09T07:39:10.248422Z","finalizeUser":{"email":"mr.csocsics@gmail.com","imageUrl":"https://lh3.googleusercontent.com/a/ACg8ocIxNTph7K1UbdrbLlqMPLDLLxPA2PgbAv5CUOcgXJ6IiL3Sag=mo"}},"type":"DEPLOY","releaseTime":"2026-08-09T07:39:10.613Z","releaseUser":{"email":"mr.csocsics@gmail.com","imageUrl":"https://lh3.googleusercontent.com/a/ACg8ocIxNTph7K1UbdrbLlqMPLDLLxPA2PgbAv5CUOcgXJ6IiL3Sag=mo"}}
[debug] [2026-08-09T07:39:09.779Z] [hosting] release: {"name":"projects/314051599258/sites/ball-of-duty-hq/channels/live/releases/1786261150613000","version":{"name":"projects/314051599258/sites/ball-of-duty-hq/versions/8ba5ba8e439c5a19","status":"FINALIZED","config":{"rewrites":[{"glob":"**","path":"/index.html"}]},"labels":{"deployment-tool":"cli-firebase"},"createTime":"2026-08-09T07:39:05.975193Z","createUser":{"email":"mr.csocsics@gmail.com","imageUrl":"https://lh3.googleusercontent.com/a/ACg8ocIxNTph7K1UbdrbLlqMPLDLLxPA2PgbAv5CUOcgXJ6IiL3Sag=mo"},"finalizeTime":"2026-08-09T07:39:10.248422Z","finalizeUser":{"email":"mr.csocsics@gmail.com","imageUrl":"https://lh3.googleusercontent.com/a/ACg8ocIxNTph7K1UbdrbLlqMPLDLLxPA2PgbAv5CUOcgXJ6IiL3Sag=mo"}},"type":"DEPLOY","releaseTime":"2026-08-09T07:39:10.613Z","releaseUser":{"email":"mr.csocsics@gmail.com","imageUrl":"https://lh3.googleusercontent.com/a/ACg8ocIxNTph7K1UbdrbLlqMPLDLLxPA2PgbAv5CUOcgXJ6IiL3Sag=mo"}}
[info] +  hosting[ball-of-duty-hq]: release complete 
[info] 
[info] +  Deploy complete! 
[info] 
[info] Project Console: https://console.firebase.google.com/project/ball-of-duty-hq/overview
[info] Hosting URL: https://ball-of-duty-hq.web.app
[debug] [2026-08-09T07:55:18.223Z] ----------------------------------------------------------------------
[debug] [2026-08-09T07:55:18.225Z] Command:       C:\Program Files\nodejs\node.exe C:\Users\mrcso\AppData\Roaming\npm\node_modules\firebase-tools\lib\bin\firebase.js deploy --only storage,database,hosting --project ball-of-duty-hq
[debug] [2026-08-09T07:55:18.225Z] CLI Version:   15.26.0
[debug] [2026-08-09T07:55:18.225Z] Platform:      win32
[debug] [2026-08-09T07:55:18.225Z] Node Version:  v24.15.0
[debug] [2026-08-09T07:55:18.225Z] Detected Agent: codex_cli
[debug] [2026-08-09T07:55:18.226Z] Time:          Sun Aug 09 2026 09:55:18 GMT+0200 (közép-európai nyári idő)
[debug] [2026-08-09T07:55:18.226Z] ----------------------------------------------------------------------
[debug] 
[debug] [2026-08-09T07:55:31.078Z] > command requires scopes: ["email","openid","https://www.googleapis.com/auth/cloudplatformprojects.readonly","https://www.googleapis.com/auth/firebase","https://www.googleapis.com/auth/cloud-platform"]
[debug] [2026-08-09T07:55:31.079Z] > authorizing via signed-in user (mr.csocsics@gmail.com)
[debug] [2026-08-09T07:55:31.079Z] [iam] checking project ball-of-duty-hq for permissions ["firebase.projects.get","firebasedatabase.instances.update","firebasehosting.sites.update","firebaserules.releases.create","firebaserules.releases.update","firebaserules.rulesets.create"]
[debug] [2026-08-09T07:55:31.085Z] Checked if tokens are valid: false, expires at: 1786262672325
[debug] [2026-08-09T07:55:31.086Z] Checked if tokens are valid: false, expires at: 1786262672325
[debug] [2026-08-09T07:55:31.086Z] > refreshing access token with scopes: []
[debug] [2026-08-09T07:55:31.087Z] >>> [apiv2][query] POST https://www.googleapis.com/oauth2/v3/token [none]
[debug] [2026-08-09T07:55:31.087Z] >>> [apiv2][body] POST https://www.googleapis.com/oauth2/v3/token [omitted]
[debug] [2026-08-09T07:55:31.291Z] <<< [apiv2][status] POST https://www.googleapis.com/oauth2/v3/token 200
[debug] [2026-08-09T07:55:31.292Z] <<< [apiv2][body] POST https://www.googleapis.com/oauth2/v3/token [omitted]
[debug] [2026-08-09T07:55:31.305Z] >>> [apiv2][query] POST https://cloudresourcemanager.googleapis.com/v1/projects/ball-of-duty-hq:testIamPermissions [none]
[debug] [2026-08-09T07:55:31.305Z] >>> [apiv2][(partial)header] POST https://cloudresourcemanager.googleapis.com/v1/projects/ball-of-duty-hq:testIamPermissions  x-goog-user-project=ball-of-duty-hq
[debug] [2026-08-09T07:55:31.305Z] >>> [apiv2][body] POST https://cloudresourcemanager.googleapis.com/v1/projects/ball-of-duty-hq:testIamPermissions {"permissions":["firebase.projects.get","firebasedatabase.instances.update","firebasehosting.sites.update","firebaserules.releases.create","firebaserules.releases.update","firebaserules.rulesets.create"]}
[debug] [2026-08-09T07:55:32.301Z] <<< [apiv2][status] POST https://cloudresourcemanager.googleapis.com/v1/projects/ball-of-duty-hq:testIamPermissions 200
[debug] [2026-08-09T07:55:32.301Z] <<< [apiv2][body] POST https://cloudresourcemanager.googleapis.com/v1/projects/ball-of-duty-hq:testIamPermissions {"permissions":["firebase.projects.get","firebasedatabase.instances.update","firebasehosting.sites.update","firebaserules.releases.create","firebaserules.releases.update","firebaserules.rulesets.create"]}
[debug] [2026-08-09T07:55:32.301Z] Checked if tokens are valid: true, expires at: 1786265730292
[debug] [2026-08-09T07:55:32.301Z] Checked if tokens are valid: true, expires at: 1786265730292
[debug] [2026-08-09T07:55:32.301Z] >>> [apiv2][query] GET https://firebase.googleapis.com/v1beta1/projects/ball-of-duty-hq [none]
[debug] [2026-08-09T07:55:32.771Z] <<< [apiv2][status] GET https://firebase.googleapis.com/v1beta1/projects/ball-of-duty-hq 200
[debug] [2026-08-09T07:55:32.772Z] <<< [apiv2][body] GET https://firebase.googleapis.com/v1beta1/projects/ball-of-duty-hq {"projectId":"ball-of-duty-hq","projectNumber":"314051599258","displayName":"Ball of Duty HQ","name":"projects/ball-of-duty-hq","resources":{"hostingSite":"ball-of-duty-hq","realtimeDatabaseInstance":"ball-of-duty-hq-default-rtdb"},"state":"ACTIVE","labels":{"firebase":"enabled"},"etag":"1_b6702439-0a9e-48ff-8f05-a8587da38dd8"}
[debug] [2026-08-09T07:55:32.772Z] Checked if tokens are valid: true, expires at: 1786265730292
[debug] [2026-08-09T07:55:32.772Z] Checked if tokens are valid: true, expires at: 1786265730292
[debug] [2026-08-09T07:55:32.772Z] >>> [apiv2][query] GET https://firebase.googleapis.com/v1beta1/projects/ball-of-duty-hq [none]
[debug] [2026-08-09T07:55:33.129Z] <<< [apiv2][status] GET https://firebase.googleapis.com/v1beta1/projects/ball-of-duty-hq 200
[debug] [2026-08-09T07:55:33.130Z] <<< [apiv2][body] GET https://firebase.googleapis.com/v1beta1/projects/ball-of-duty-hq {"projectId":"ball-of-duty-hq","projectNumber":"314051599258","displayName":"Ball of Duty HQ","name":"projects/ball-of-duty-hq","resources":{"hostingSite":"ball-of-duty-hq","realtimeDatabaseInstance":"ball-of-duty-hq-default-rtdb"},"state":"ACTIVE","labels":{"firebase":"enabled"},"etag":"1_b6702439-0a9e-48ff-8f05-a8587da38dd8"}
[info] 
[info] === Deploying to 'ball-of-duty-hq'...
[info] 
[info] i  deploying database, storage, hosting 
[info] i  database: checking rules syntax... 
[debug] [2026-08-09T07:55:33.132Z] Checked if tokens are valid: true, expires at: 1786265730292
[debug] [2026-08-09T07:55:33.132Z] Checked if tokens are valid: true, expires at: 1786265730292
[debug] [2026-08-09T07:55:33.132Z] >>> [apiv2][query] GET https://firebasedatabase.googleapis.com/v1beta/projects/ball-of-duty-hq/locations/-/instances/ball-of-duty-hq-default-rtdb [none]
[debug] [2026-08-09T07:55:34.200Z] <<< [apiv2][status] GET https://firebasedatabase.googleapis.com/v1beta/projects/ball-of-duty-hq/locations/-/instances/ball-of-duty-hq-default-rtdb 200
[debug] [2026-08-09T07:55:34.200Z] <<< [apiv2][body] GET https://firebasedatabase.googleapis.com/v1beta/projects/ball-of-duty-hq/locations/-/instances/ball-of-duty-hq-default-rtdb {"name":"projects/314051599258/locations/europe-west1/instances/ball-of-duty-hq-default-rtdb","project":"projects/314051599258","databaseUrl":"https://ball-of-duty-hq-default-rtdb.europe-west1.firebasedatabase.app","type":"DEFAULT_DATABASE","state":"ACTIVE"}
[debug] [2026-08-09T07:55:34.200Z] Checked if tokens are valid: true, expires at: 1786265730292
[debug] [2026-08-09T07:55:34.200Z] Checked if tokens are valid: true, expires at: 1786265730292
[debug] [2026-08-09T07:55:34.200Z] >>> [apiv2][query] PUT https://ball-of-duty-hq-default-rtdb.europe-west1.firebasedatabase.app/.settings/rules.json dryRun=true
[debug] [2026-08-09T07:55:34.200Z] >>> [apiv2][body] PUT https://ball-of-duty-hq-default-rtdb.europe-west1.firebasedatabase.app/.settings/rules.json "{\n  \"rules\": {\n    \".read\": false,\n    \".write\": false,\n    \"players\": {\n      \".read\": \"auth != null && (auth.token.admin === true || root.child('users').child(auth.uid).child('status').val() === 'approved')\",\n      \".write\": \"auth != null && auth.token.admin === true\",\n      \"$playerId\": {\n        \"avatarUrl\": {\n          \".write\": \"auth != null && root.child('users').child(auth.uid).child('status').val() === 'approved' && root.child('users').child(auth.uid).child('playerId').val() === $playerId\"\n        },\n        \"avatarPath\": {\n          \".write\": \"auth != null && root.child('users').child(auth.uid).child('status').val() === 'approved' && root.child('users').child(auth.uid).child('playerId').val() === $playerId\"\n        }\n      }\n    },\n    \"seasons\": {\n      \".read\": \"auth != null && (auth.token.admin === true || root.child('users').child(auth.uid).child('status').val() === 'approved')\",\n      \".write\": \"auth != null && auth.token.admin === true\"\n    },\n    \"matches\": {\n      \".read\": \"auth != null && (auth.token.admin === true || root.child('users').child(auth.uid).child('status').val() === 'approved')\",\n      \".write\": \"auth != null && auth.token.admin === true\"\n    },\n    \"discordPolls\": {\n      \".read\": \"auth != null && (auth.token.admin === true || root.child('users').child(auth.uid).child('status').val() === 'approved')\",\n      \".write\": false\n    },\n    \"discordVotes\": {\n      \".read\": \"auth != null && auth.token.admin === true\",\n      \".write\": false\n    },\n    \"settings\": {\n      \".read\": \"auth != null && auth.token.admin === true\",\n      \".write\": \"auth != null && auth.token.admin === true\"\n    },\n    \"users\": {\n      \".read\": \"auth != null && auth.token.admin === true\",\n      \"$uid\": {\n        \".read\": \"auth != null && (auth.uid === $uid || auth.token.admin === true)\",\n        \".write\": \"auth != null && (auth.token.admin === true || (auth.uid === $uid && ((!data.exists() && newData.child('status').val() === 'pending') || (data.exists() && newData.child('status').val() === data.child('status').val()))))\",\n        \"admin\": {\n          \".validate\": \"auth.token.admin === true\"\n        },\n        \"role\": {\n          \".validate\": \"auth.token.admin === true\"\n        }\n      }\n    }\n  }\n}\n"
[debug] [2026-08-09T07:55:34.498Z] <<< [apiv2][status] PUT https://ball-of-duty-hq-default-rtdb.europe-west1.firebasedatabase.app/.settings/rules.json 200
[debug] [2026-08-09T07:55:34.499Z] <<< [apiv2][body] PUT https://ball-of-duty-hq-default-rtdb.europe-west1.firebasedatabase.app/.settings/rules.json {"status":"ok"}
[info] +  database: rules syntax for database ball-of-duty-hq-default-rtdb is valid 
[info] i  storage: ensuring required API firebasestorage.googleapis.com is enabled... 
[debug] [2026-08-09T07:55:34.500Z] Checked if tokens are valid: true, expires at: 1786265730292
[debug] [2026-08-09T07:55:34.500Z] Checked if tokens are valid: true, expires at: 1786265730292
[debug] [2026-08-09T07:55:34.500Z] >>> [apiv2][query] GET https://serviceusage.googleapis.com/v1/projects/ball-of-duty-hq/services/firebasestorage.googleapis.com [none]
[debug] [2026-08-09T07:55:34.500Z] >>> [apiv2][(partial)header] GET https://serviceusage.googleapis.com/v1/projects/ball-of-duty-hq/services/firebasestorage.googleapis.com  x-goog-user-project=ball-of-duty-hq
[debug] [2026-08-09T07:55:35.544Z] <<< [apiv2][status] GET https://serviceusage.googleapis.com/v1/projects/ball-of-duty-hq/services/firebasestorage.googleapis.com 200
[debug] [2026-08-09T07:55:35.544Z] <<< [apiv2][body] GET https://serviceusage.googleapis.com/v1/projects/ball-of-duty-hq/services/firebasestorage.googleapis.com [omitted]
[warn] !  storage: missing required API firebasestorage.googleapis.com. Enabling now... 
[debug] [2026-08-09T07:55:35.544Z] Checked if tokens are valid: true, expires at: 1786265730292
[debug] [2026-08-09T07:55:35.544Z] Checked if tokens are valid: true, expires at: 1786265730292
[debug] [2026-08-09T07:55:35.545Z] >>> [apiv2][query] POST https://serviceusage.googleapis.com/v1/projects/ball-of-duty-hq/services/firebasestorage.googleapis.com:enable [none]
[debug] [2026-08-09T07:55:35.545Z] >>> [apiv2][(partial)header] POST https://serviceusage.googleapis.com/v1/projects/ball-of-duty-hq/services/firebasestorage.googleapis.com:enable  x-goog-user-project=ball-of-duty-hq
[debug] [2026-08-09T07:55:36.922Z] <<< [apiv2][status] POST https://serviceusage.googleapis.com/v1/projects/ball-of-duty-hq/services/firebasestorage.googleapis.com:enable 200
[debug] [2026-08-09T07:55:36.922Z] <<< [apiv2][body] POST https://serviceusage.googleapis.com/v1/projects/ball-of-duty-hq/services/firebasestorage.googleapis.com:enable [omitted]
[debug] [2026-08-09T07:55:46.937Z] Checked if tokens are valid: true, expires at: 1786265730292
[debug] [2026-08-09T07:55:46.938Z] Checked if tokens are valid: true, expires at: 1786265730292
[debug] [2026-08-09T07:55:46.938Z] >>> [apiv2][query] GET https://firebasestorage.googleapis.com/v1alpha/projects/ball-of-duty-hq/defaultBucket [none]
[debug] [2026-08-09T07:55:47.732Z] <<< [apiv2][status] GET https://firebasestorage.googleapis.com/v1alpha/projects/ball-of-duty-hq/defaultBucket 404
[debug] [2026-08-09T07:55:47.733Z] <<< [apiv2][body] GET https://firebasestorage.googleapis.com/v1alpha/projects/ball-of-duty-hq/defaultBucket {"error":{"code":404,"message":"Requested entity was not found.","status":"NOT_FOUND"}}
[error] 
[error] Error: Firebase Storage has not been set up on project 'ball-of-duty-hq'. Go to https://console.firebase.google.com/project/ball-of-duty-hq/storage and click 'Get Started' to set up Firebase Storage.
[debug] [2026-08-09T14:08:02.130Z] ----------------------------------------------------------------------
[debug] [2026-08-09T14:08:02.132Z] Command:       C:\Program Files\nodejs\node.exe C:\Users\mrcso\AppData\Roaming\npm\node_modules\firebase-tools\lib\bin\firebase.js deploy --only database,hosting --project ball-of-duty-hq
[debug] [2026-08-09T14:08:02.132Z] CLI Version:   15.26.0
[debug] [2026-08-09T14:08:02.132Z] Platform:      win32
[debug] [2026-08-09T14:08:02.132Z] Node Version:  v24.15.0
[debug] [2026-08-09T14:08:02.132Z] Detected Agent: codex_cli
[debug] [2026-08-09T14:08:02.132Z] Time:          Sun Aug 09 2026 16:08:02 GMT+0200 (közép-európai nyári idő)
[debug] [2026-08-09T14:08:02.132Z] ----------------------------------------------------------------------
[debug] 
[debug] [2026-08-09T14:08:19.355Z] > command requires scopes: ["email","openid","https://www.googleapis.com/auth/cloudplatformprojects.readonly","https://www.googleapis.com/auth/firebase","https://www.googleapis.com/auth/cloud-platform"]
[debug] [2026-08-09T14:08:19.355Z] > authorizing via signed-in user (mr.csocsics@gmail.com)
[debug] [2026-08-09T14:08:19.356Z] [iam] checking project ball-of-duty-hq for permissions ["firebase.projects.get","firebasedatabase.instances.update","firebasehosting.sites.update"]
[debug] [2026-08-09T14:08:19.362Z] Checked if tokens are valid: false, expires at: 1786265730292
[debug] [2026-08-09T14:08:19.363Z] Checked if tokens are valid: false, expires at: 1786265730292
[debug] [2026-08-09T14:08:19.363Z] > refreshing access token with scopes: []
[debug] [2026-08-09T14:08:19.364Z] >>> [apiv2][query] POST https://www.googleapis.com/oauth2/v3/token [none]
[debug] [2026-08-09T14:08:19.364Z] >>> [apiv2][body] POST https://www.googleapis.com/oauth2/v3/token [omitted]
[debug] [2026-08-09T14:08:19.578Z] <<< [apiv2][status] POST https://www.googleapis.com/oauth2/v3/token 200
[debug] [2026-08-09T14:08:19.579Z] <<< [apiv2][body] POST https://www.googleapis.com/oauth2/v3/token [omitted]
[debug] [2026-08-09T14:08:19.590Z] >>> [apiv2][query] POST https://cloudresourcemanager.googleapis.com/v1/projects/ball-of-duty-hq:testIamPermissions [none]
[debug] [2026-08-09T14:08:19.590Z] >>> [apiv2][(partial)header] POST https://cloudresourcemanager.googleapis.com/v1/projects/ball-of-duty-hq:testIamPermissions  x-goog-user-project=ball-of-duty-hq
[debug] [2026-08-09T14:08:19.590Z] >>> [apiv2][body] POST https://cloudresourcemanager.googleapis.com/v1/projects/ball-of-duty-hq:testIamPermissions {"permissions":["firebase.projects.get","firebasedatabase.instances.update","firebasehosting.sites.update"]}
[debug] [2026-08-09T14:08:19.952Z] <<< [apiv2][status] POST https://cloudresourcemanager.googleapis.com/v1/projects/ball-of-duty-hq:testIamPermissions 200
[debug] [2026-08-09T14:08:19.952Z] <<< [apiv2][body] POST https://cloudresourcemanager.googleapis.com/v1/projects/ball-of-duty-hq:testIamPermissions {"permissions":["firebase.projects.get","firebasedatabase.instances.update","firebasehosting.sites.update"]}
[debug] [2026-08-09T14:08:19.952Z] Checked if tokens are valid: true, expires at: 1786288098579
[debug] [2026-08-09T14:08:19.952Z] Checked if tokens are valid: true, expires at: 1786288098579
[debug] [2026-08-09T14:08:19.952Z] >>> [apiv2][query] GET https://firebase.googleapis.com/v1beta1/projects/ball-of-duty-hq [none]
[debug] [2026-08-09T14:08:20.415Z] <<< [apiv2][status] GET https://firebase.googleapis.com/v1beta1/projects/ball-of-duty-hq 200
[debug] [2026-08-09T14:08:20.415Z] <<< [apiv2][body] GET https://firebase.googleapis.com/v1beta1/projects/ball-of-duty-hq {"projectId":"ball-of-duty-hq","projectNumber":"314051599258","displayName":"Ball of Duty HQ","name":"projects/ball-of-duty-hq","resources":{"hostingSite":"ball-of-duty-hq","realtimeDatabaseInstance":"ball-of-duty-hq-default-rtdb"},"state":"ACTIVE","labels":{"firebase":"enabled"},"etag":"1_b6702439-0a9e-48ff-8f05-a8587da38dd8"}
[debug] [2026-08-09T14:08:20.416Z] Checked if tokens are valid: true, expires at: 1786288098579
[debug] [2026-08-09T14:08:20.416Z] Checked if tokens are valid: true, expires at: 1786288098579
[debug] [2026-08-09T14:08:20.416Z] >>> [apiv2][query] GET https://firebase.googleapis.com/v1beta1/projects/ball-of-duty-hq [none]
[debug] [2026-08-09T14:08:20.760Z] <<< [apiv2][status] GET https://firebase.googleapis.com/v1beta1/projects/ball-of-duty-hq 200
[debug] [2026-08-09T14:08:20.760Z] <<< [apiv2][body] GET https://firebase.googleapis.com/v1beta1/projects/ball-of-duty-hq {"projectId":"ball-of-duty-hq","projectNumber":"314051599258","displayName":"Ball of Duty HQ","name":"projects/ball-of-duty-hq","resources":{"hostingSite":"ball-of-duty-hq","realtimeDatabaseInstance":"ball-of-duty-hq-default-rtdb"},"state":"ACTIVE","labels":{"firebase":"enabled"},"etag":"1_b6702439-0a9e-48ff-8f05-a8587da38dd8"}
[info] 
[info] === Deploying to 'ball-of-duty-hq'...
[info] 
[info] i  deploying database, hosting 
[info] i  database: checking rules syntax... 
[debug] [2026-08-09T14:08:20.762Z] Checked if tokens are valid: true, expires at: 1786288098579
[debug] [2026-08-09T14:08:20.762Z] Checked if tokens are valid: true, expires at: 1786288098579
[debug] [2026-08-09T14:08:20.762Z] >>> [apiv2][query] GET https://firebasedatabase.googleapis.com/v1beta/projects/ball-of-duty-hq/locations/-/instances/ball-of-duty-hq-default-rtdb [none]
[debug] [2026-08-09T14:08:21.843Z] <<< [apiv2][status] GET https://firebasedatabase.googleapis.com/v1beta/projects/ball-of-duty-hq/locations/-/instances/ball-of-duty-hq-default-rtdb 200
[debug] [2026-08-09T14:08:21.843Z] <<< [apiv2][body] GET https://firebasedatabase.googleapis.com/v1beta/projects/ball-of-duty-hq/locations/-/instances/ball-of-duty-hq-default-rtdb {"name":"projects/314051599258/locations/europe-west1/instances/ball-of-duty-hq-default-rtdb","project":"projects/314051599258","databaseUrl":"https://ball-of-duty-hq-default-rtdb.europe-west1.firebasedatabase.app","type":"DEFAULT_DATABASE","state":"ACTIVE"}
[debug] [2026-08-09T14:08:21.844Z] Checked if tokens are valid: true, expires at: 1786288098579
[debug] [2026-08-09T14:08:21.844Z] Checked if tokens are valid: true, expires at: 1786288098579
[debug] [2026-08-09T14:08:21.844Z] >>> [apiv2][query] PUT https://ball-of-duty-hq-default-rtdb.europe-west1.firebasedatabase.app/.settings/rules.json dryRun=true
[debug] [2026-08-09T14:08:21.844Z] >>> [apiv2][body] PUT https://ball-of-duty-hq-default-rtdb.europe-west1.firebasedatabase.app/.settings/rules.json "{\n  \"rules\": {\n    \".read\": false,\n    \".write\": false,\n    \"players\": {\n      \".read\": \"auth != null && (auth.token.admin === true || root.child('users').child(auth.uid).child('status').val() === 'approved')\",\n      \".write\": \"auth != null && auth.token.admin === true\",\n      \"$playerId\": {\n        \"eaId\": {\n          \".write\": \"auth != null && root.child('users').child(auth.uid).child('status').val() === 'approved' && root.child('users').child(auth.uid).child('playerId').val() === $playerId\"\n        },\n        \"discordName\": {\n          \".write\": \"auth != null && root.child('users').child(auth.uid).child('status').val() === 'approved' && root.child('users').child(auth.uid).child('playerId').val() === $playerId\"\n        },\n        \"preferredFoot\": {\n          \".write\": \"auth != null && root.child('users').child(auth.uid).child('status').val() === 'approved' && root.child('users').child(auth.uid).child('playerId').val() === $playerId\"\n        },\n        \"secondaryPositions\": {\n          \".write\": \"auth != null && root.child('users').child(auth.uid).child('status').val() === 'approved' && root.child('users').child(auth.uid).child('playerId').val() === $playerId\"\n        },\n        \"bio\": {\n          \".write\": \"auth != null && root.child('users').child(auth.uid).child('status').val() === 'approved' && root.child('users').child(auth.uid).child('playerId').val() === $playerId\"\n        },\n        \"avatarUrl\": {\n          \".write\": \"auth != null && root.child('users').child(auth.uid).child('status').val() === 'approved' && root.child('users').child(auth.uid).child('playerId').val() === $playerId\"\n        },\n        \"avatarPath\": {\n          \".write\": \"auth != null && root.child('users').child(auth.uid).child('status').val() === 'approved' && root.child('users').child(auth.uid).child('playerId').val() === $playerId\"\n        }\n      }\n    },\n    \"seasons\": {\n      \".read\": \"auth != null && (auth.token.admin === true || root.child('users').child(auth.uid).child('status').val() === 'approved')\",\n      \".write\": \"auth != null && auth.token.admin === true\"\n    },\n    \"matches\": {\n      \".read\": \"auth != null && (auth.token.admin === true || root.child('users').child(auth.uid).child('status').val() === 'approved')\",\n      \".write\": \"auth != null && auth.token.admin === true\"\n    },\n    \"discordPolls\": {\n      \".read\": \"auth != null && (auth.token.admin === true || root.child('users').child(auth.uid).child('status').val() === 'approved')\",\n      \".write\": false\n    },\n    \"discordVotes\": {\n      \".read\": \"auth != null && auth.token.admin === true\",\n      \".write\": false\n    },\n    \"settings\": {\n      \".read\": \"auth != null && auth.token.admin === true\",\n      \".write\": \"auth != null && auth.token.admin === true\"\n    },\n    \"users\": {\n      \".read\": \"auth != null && auth.token.admin === true\",\n      \"$uid\": {\n        \".read\": \"auth != null && (auth.uid === $uid || auth.token.admin === true)\",\n        \".write\": \"auth != null && (auth.token.admin === true || (auth.uid === $uid && ((!data.exists() && newData.child('status').val() === 'pending') || (data.exists() && newData.child('status').val() === data.child('status').val()))))\",\n        \"admin\": {\n          \".validate\": \"auth.token.admin === true\"\n        },\n        \"role\": {\n          \".validate\": \"auth.token.admin === true\"\n        }\n      }\n    }\n  }\n}\n"
[debug] [2026-08-09T14:08:22.128Z] <<< [apiv2][status] PUT https://ball-of-duty-hq-default-rtdb.europe-west1.firebasedatabase.app/.settings/rules.json 200
[debug] [2026-08-09T14:08:22.129Z] <<< [apiv2][body] PUT https://ball-of-duty-hq-default-rtdb.europe-west1.firebasedatabase.app/.settings/rules.json {"status":"ok"}
[info] +  database: rules syntax for database ball-of-duty-hq-default-rtdb is valid 
[debug] [2026-08-09T14:08:22.129Z] Checked if tokens are valid: true, expires at: 1786288098579
[debug] [2026-08-09T14:08:22.129Z] Checked if tokens are valid: true, expires at: 1786288098579
[debug] [2026-08-09T14:08:22.129Z] >>> [apiv2][query] GET https://firebasehosting.googleapis.com/v1beta1/projects/ball-of-duty-hq/sites/ball-of-duty-hq [none]
[debug] [2026-08-09T14:08:23.300Z] <<< [apiv2][status] GET https://firebasehosting.googleapis.com/v1beta1/projects/ball-of-duty-hq/sites/ball-of-duty-hq 200
[debug] [2026-08-09T14:08:23.300Z] <<< [apiv2][body] GET https://firebasehosting.googleapis.com/v1beta1/projects/ball-of-duty-hq/sites/ball-of-duty-hq {"name":"projects/ball-of-duty-hq/sites/ball-of-duty-hq","defaultUrl":"https://ball-of-duty-hq.web.app","appId":"1:314051599258:web:8b1732ebf9aaadc9b4b823","type":"DEFAULT_SITE"}
[debug] [2026-08-09T14:08:23.303Z] Checked if tokens are valid: true, expires at: 1786288098579
[debug] [2026-08-09T14:08:23.303Z] Checked if tokens are valid: true, expires at: 1786288098579
[debug] [2026-08-09T14:08:23.304Z] >>> [apiv2][query] POST https://firebasehosting.googleapis.com/v1beta1/projects/-/sites/ball-of-duty-hq/versions [none]
[debug] [2026-08-09T14:08:23.304Z] >>> [apiv2][body] POST https://firebasehosting.googleapis.com/v1beta1/projects/-/sites/ball-of-duty-hq/versions {"status":"CREATED","labels":{"deployment-tool":"cli-firebase"}}
[debug] [2026-08-09T14:08:25.625Z] <<< [apiv2][status] POST https://firebasehosting.googleapis.com/v1beta1/projects/-/sites/ball-of-duty-hq/versions 200
[debug] [2026-08-09T14:08:25.625Z] <<< [apiv2][body] POST https://firebasehosting.googleapis.com/v1beta1/projects/-/sites/ball-of-duty-hq/versions {"name":"projects/314051599258/sites/ball-of-duty-hq/versions/601dcafd5e774eb4","status":"CREATED","config":{},"labels":{"deployment-tool":"cli-firebase"}}
[info] i  hosting[ball-of-duty-hq]: beginning deploy... 
[info] i  hosting[ball-of-duty-hq]: found 7 files in dist 
[debug] [2026-08-09T14:08:25.632Z] [hosting] uploading with 200 concurrency
[debug] [2026-08-09T14:08:25.656Z] Checked if tokens are valid: true, expires at: 1786288098579
[debug] [2026-08-09T14:08:25.656Z] Checked if tokens are valid: true, expires at: 1786288098579
[debug] [2026-08-09T14:08:25.657Z] [hosting] hash cache [ZGlzdA] stored for 7 files
[debug] [2026-08-09T14:08:25.657Z] [hosting][hash queue][FINAL] {"max":15,"min":0,"avg":2.857142857142857,"active":0,"complete":7,"success":7,"errored":0,"retried":0,"total":7,"elapsed":16}
[debug] [2026-08-09T14:08:25.657Z] >>> [apiv2][query] POST https://firebasehosting.googleapis.com/v1beta1/projects/314051599258/sites/ball-of-duty-hq/versions/601dcafd5e774eb4:populateFiles [none]
[debug] [2026-08-09T14:08:25.657Z] >>> [apiv2][body] POST https://firebasehosting.googleapis.com/v1beta1/projects/314051599258/sites/ball-of-duty-hq/versions/601dcafd5e774eb4:populateFiles {"files":{"/assets/brand/bod-dashboard-banner-v3.png":"6987dbc609981b3a9f017d3541e21550ab8cab318a9a34169b58e37f2f0094e0","/assets/brand/bod-dashboard-banner-v2.png":"018ae69ee2353491547e6e20e03e65979e5572c4050b4602c925bc4261a83bad","/assets/brand/bod-crest-v3.png":"f8e4fa8ed0384d1e2b4908d76681b386c7f238386cf799bb538dac0fc6fdcdcf","/assets/brand/bod-crest-v2.png":"42f88f1b9c07994106c9edbd6f12a1288631cff6c6c776c736813894690c77ae","/index.html":"cd28ddb4a00c00d1416feb95d353457369ab843bef0b034a79dbb5643a77e3b9","/assets/index-BPd4R2-k.css":"5e614cfbf31bc4e626d0ad32587f063cfc4c8ed39ec63dbecd2555793357cabb","/assets/index-DmpBAtP_.js":"e899d0e04236a23497885366770bbe7bd248cd702fcec0b3d36ebc22700409dd"}}
[debug] [2026-08-09T14:08:26.346Z] <<< [apiv2][status] POST https://firebasehosting.googleapis.com/v1beta1/projects/314051599258/sites/ball-of-duty-hq/versions/601dcafd5e774eb4:populateFiles 200
[debug] [2026-08-09T14:08:26.346Z] <<< [apiv2][body] POST https://firebasehosting.googleapis.com/v1beta1/projects/314051599258/sites/ball-of-duty-hq/versions/601dcafd5e774eb4:populateFiles {"uploadRequiredHashes":["5e614cfbf31bc4e626d0ad32587f063cfc4c8ed39ec63dbecd2555793357cabb","e899d0e04236a23497885366770bbe7bd248cd702fcec0b3d36ebc22700409dd","cd28ddb4a00c00d1416feb95d353457369ab843bef0b034a79dbb5643a77e3b9"],"uploadUrl":"https://upload-firebasehosting.googleapis.com/upload/sites/ball-of-duty-hq/versions/601dcafd5e774eb4/files"}
[debug] [2026-08-09T14:08:26.346Z] Checked if tokens are valid: true, expires at: 1786288098579
[debug] [2026-08-09T14:08:26.346Z] Checked if tokens are valid: true, expires at: 1786288098579
[debug] [2026-08-09T14:08:26.346Z] Checked if tokens are valid: true, expires at: 1786288098579
[debug] [2026-08-09T14:08:26.346Z] Checked if tokens are valid: true, expires at: 1786288098579
[debug] [2026-08-09T14:08:26.346Z] Checked if tokens are valid: true, expires at: 1786288098579
[debug] [2026-08-09T14:08:26.346Z] Checked if tokens are valid: true, expires at: 1786288098579
[debug] [2026-08-09T14:08:26.346Z] >>> [apiv2][query] POST https://upload-firebasehosting.googleapis.com/upload/sites/ball-of-duty-hq/versions/601dcafd5e774eb4/files/5e614cfbf31bc4e626d0ad32587f063cfc4c8ed39ec63dbecd2555793357cabb [none]
[debug] [2026-08-09T14:08:26.346Z] >>> [apiv2][body] POST https://upload-firebasehosting.googleapis.com/upload/sites/ball-of-duty-hq/versions/601dcafd5e774eb4/files/5e614cfbf31bc4e626d0ad32587f063cfc4c8ed39ec63dbecd2555793357cabb [stream]
[debug] [2026-08-09T14:08:26.347Z] >>> [apiv2][query] POST https://upload-firebasehosting.googleapis.com/upload/sites/ball-of-duty-hq/versions/601dcafd5e774eb4/files/e899d0e04236a23497885366770bbe7bd248cd702fcec0b3d36ebc22700409dd [none]
[debug] [2026-08-09T14:08:26.347Z] >>> [apiv2][body] POST https://upload-firebasehosting.googleapis.com/upload/sites/ball-of-duty-hq/versions/601dcafd5e774eb4/files/e899d0e04236a23497885366770bbe7bd248cd702fcec0b3d36ebc22700409dd [stream]
[debug] [2026-08-09T14:08:26.347Z] >>> [apiv2][query] POST https://upload-firebasehosting.googleapis.com/upload/sites/ball-of-duty-hq/versions/601dcafd5e774eb4/files/cd28ddb4a00c00d1416feb95d353457369ab843bef0b034a79dbb5643a77e3b9 [none]
[debug] [2026-08-09T14:08:26.347Z] >>> [apiv2][body] POST https://upload-firebasehosting.googleapis.com/upload/sites/ball-of-duty-hq/versions/601dcafd5e774eb4/files/cd28ddb4a00c00d1416feb95d353457369ab843bef0b034a79dbb5643a77e3b9 [stream]
[debug] [2026-08-09T14:08:26.348Z] [hosting][populate queue][FINAL] {"max":690,"min":690,"avg":690,"active":0,"complete":1,"success":1,"errored":0,"retried":0,"total":1,"elapsed":692}
[debug] [2026-08-09T14:08:26.349Z] [hosting] uploads queued: 3
[debug] [2026-08-09T14:08:27.565Z] <<< [apiv2][status] POST https://upload-firebasehosting.googleapis.com/upload/sites/ball-of-duty-hq/versions/601dcafd5e774eb4/files/cd28ddb4a00c00d1416feb95d353457369ab843bef0b034a79dbb5643a77e3b9 200
[debug] [2026-08-09T14:08:27.566Z] <<< [apiv2][body] POST https://upload-firebasehosting.googleapis.com/upload/sites/ball-of-duty-hq/versions/601dcafd5e774eb4/files/cd28ddb4a00c00d1416feb95d353457369ab843bef0b034a79dbb5643a77e3b9 [stream]
[debug] [2026-08-09T14:08:27.636Z] <<< [apiv2][status] POST https://upload-firebasehosting.googleapis.com/upload/sites/ball-of-duty-hq/versions/601dcafd5e774eb4/files/e899d0e04236a23497885366770bbe7bd248cd702fcec0b3d36ebc22700409dd 200
[debug] [2026-08-09T14:08:27.636Z] <<< [apiv2][body] POST https://upload-firebasehosting.googleapis.com/upload/sites/ball-of-duty-hq/versions/601dcafd5e774eb4/files/e899d0e04236a23497885366770bbe7bd248cd702fcec0b3d36ebc22700409dd [stream]
[info] i  hosting: uploading new files [2/3] (66%) 
[debug] [2026-08-09T14:08:27.731Z] <<< [apiv2][status] POST https://upload-firebasehosting.googleapis.com/upload/sites/ball-of-duty-hq/versions/601dcafd5e774eb4/files/5e614cfbf31bc4e626d0ad32587f063cfc4c8ed39ec63dbecd2555793357cabb 200
[debug] [2026-08-09T14:08:27.731Z] <<< [apiv2][body] POST https://upload-firebasehosting.googleapis.com/upload/sites/ball-of-duty-hq/versions/601dcafd5e774eb4/files/5e614cfbf31bc4e626d0ad32587f063cfc4c8ed39ec63dbecd2555793357cabb [stream]
[debug] [2026-08-09T14:08:27.731Z] [hosting][upload queue][FINAL] {"max":1385,"min":1220,"avg":1298.3333333333333,"active":0,"complete":3,"success":3,"errored":0,"retried":0,"total":3,"elapsed":1385}
[info] i  hosting: upload complete 
[info] +  hosting[ball-of-duty-hq]: file upload complete 
[debug] [2026-08-09T14:08:27.731Z] [hosting] deploy completed after 2105ms
[info] i  database: releasing rules... 
[debug] [2026-08-09T14:08:27.732Z] Checked if tokens are valid: true, expires at: 1786288098579
[debug] [2026-08-09T14:08:27.732Z] Checked if tokens are valid: true, expires at: 1786288098579
[debug] [2026-08-09T14:08:27.732Z] >>> [apiv2][query] GET https://firebasedatabase.googleapis.com/v1beta/projects/ball-of-duty-hq/locations/-/instances/ball-of-duty-hq-default-rtdb [none]
[debug] [2026-08-09T14:08:28.736Z] <<< [apiv2][status] GET https://firebasedatabase.googleapis.com/v1beta/projects/ball-of-duty-hq/locations/-/instances/ball-of-duty-hq-default-rtdb 200
[debug] [2026-08-09T14:08:28.736Z] <<< [apiv2][body] GET https://firebasedatabase.googleapis.com/v1beta/projects/ball-of-duty-hq/locations/-/instances/ball-of-duty-hq-default-rtdb {"name":"projects/314051599258/locations/europe-west1/instances/ball-of-duty-hq-default-rtdb","project":"projects/314051599258","databaseUrl":"https://ball-of-duty-hq-default-rtdb.europe-west1.firebasedatabase.app","type":"DEFAULT_DATABASE","state":"ACTIVE"}
[debug] [2026-08-09T14:08:28.736Z] Checked if tokens are valid: true, expires at: 1786288098579
[debug] [2026-08-09T14:08:28.736Z] Checked if tokens are valid: true, expires at: 1786288098579
[debug] [2026-08-09T14:08:28.736Z] >>> [apiv2][query] PUT https://ball-of-duty-hq-default-rtdb.europe-west1.firebasedatabase.app/.settings/rules.json 
[debug] [2026-08-09T14:08:28.736Z] >>> [apiv2][body] PUT https://ball-of-duty-hq-default-rtdb.europe-west1.firebasedatabase.app/.settings/rules.json "{\n  \"rules\": {\n    \".read\": false,\n    \".write\": false,\n    \"players\": {\n      \".read\": \"auth != null && (auth.token.admin === true || root.child('users').child(auth.uid).child('status').val() === 'approved')\",\n      \".write\": \"auth != null && auth.token.admin === true\",\n      \"$playerId\": {\n        \"eaId\": {\n          \".write\": \"auth != null && root.child('users').child(auth.uid).child('status').val() === 'approved' && root.child('users').child(auth.uid).child('playerId').val() === $playerId\"\n        },\n        \"discordName\": {\n          \".write\": \"auth != null && root.child('users').child(auth.uid).child('status').val() === 'approved' && root.child('users').child(auth.uid).child('playerId').val() === $playerId\"\n        },\n        \"preferredFoot\": {\n          \".write\": \"auth != null && root.child('users').child(auth.uid).child('status').val() === 'approved' && root.child('users').child(auth.uid).child('playerId').val() === $playerId\"\n        },\n        \"secondaryPositions\": {\n          \".write\": \"auth != null && root.child('users').child(auth.uid).child('status').val() === 'approved' && root.child('users').child(auth.uid).child('playerId').val() === $playerId\"\n        },\n        \"bio\": {\n          \".write\": \"auth != null && root.child('users').child(auth.uid).child('status').val() === 'approved' && root.child('users').child(auth.uid).child('playerId').val() === $playerId\"\n        },\n        \"avatarUrl\": {\n          \".write\": \"auth != null && root.child('users').child(auth.uid).child('status').val() === 'approved' && root.child('users').child(auth.uid).child('playerId').val() === $playerId\"\n        },\n        \"avatarPath\": {\n          \".write\": \"auth != null && root.child('users').child(auth.uid).child('status').val() === 'approved' && root.child('users').child(auth.uid).child('playerId').val() === $playerId\"\n        }\n      }\n    },\n    \"seasons\": {\n      \".read\": \"auth != null && (auth.token.admin === true || root.child('users').child(auth.uid).child('status').val() === 'approved')\",\n      \".write\": \"auth != null && auth.token.admin === true\"\n    },\n    \"matches\": {\n      \".read\": \"auth != null && (auth.token.admin === true || root.child('users').child(auth.uid).child('status').val() === 'approved')\",\n      \".write\": \"auth != null && auth.token.admin === true\"\n    },\n    \"discordPolls\": {\n      \".read\": \"auth != null && (auth.token.admin === true || root.child('users').child(auth.uid).child('status').val() === 'approved')\",\n      \".write\": false\n    },\n    \"discordVotes\": {\n      \".read\": \"auth != null && auth.token.admin === true\",\n      \".write\": false\n    },\n    \"settings\": {\n      \".read\": \"auth != null && auth.token.admin === true\",\n      \".write\": \"auth != null && auth.token.admin === true\"\n    },\n    \"users\": {\n      \".read\": \"auth != null && auth.token.admin === true\",\n      \"$uid\": {\n        \".read\": \"auth != null && (auth.uid === $uid || auth.token.admin === true)\",\n        \".write\": \"auth != null && (auth.token.admin === true || (auth.uid === $uid && ((!data.exists() && newData.child('status').val() === 'pending') || (data.exists() && newData.child('status').val() === data.child('status').val()))))\",\n        \"admin\": {\n          \".validate\": \"auth.token.admin === true\"\n        },\n        \"role\": {\n          \".validate\": \"auth.token.admin === true\"\n        }\n      }\n    }\n  }\n}\n"
[debug] [2026-08-09T14:08:29.125Z] <<< [apiv2][status] PUT https://ball-of-duty-hq-default-rtdb.europe-west1.firebasedatabase.app/.settings/rules.json 200
[debug] [2026-08-09T14:08:29.126Z] <<< [apiv2][body] PUT https://ball-of-duty-hq-default-rtdb.europe-west1.firebasedatabase.app/.settings/rules.json {"status":"ok"}
[info] +  database: rules for database ball-of-duty-hq-default-rtdb released successfully 
[debug] [2026-08-09T14:08:29.126Z] [
  {
    "config": {
      "public": "dist",
      "ignore": [
        "firebase.json",
        "**/.*",
        "**/node_modules/**"
      ],
      "rewrites": [
        {
          "source": "**",
          "destination": "/index.html"
        }
      ],
      "site": "ball-of-duty-hq"
    },
    "version": "projects/314051599258/sites/ball-of-duty-hq/versions/601dcafd5e774eb4"
  }
]
[info] i  hosting[ball-of-duty-hq]: finalizing version... 
[debug] [2026-08-09T14:08:29.127Z] Checked if tokens are valid: true, expires at: 1786288098579
[debug] [2026-08-09T14:08:29.127Z] Checked if tokens are valid: true, expires at: 1786288098579
[debug] [2026-08-09T14:08:29.127Z] >>> [apiv2][query] PATCH https://firebasehosting.googleapis.com/v1beta1/projects/-/sites/ball-of-duty-hq/versions/601dcafd5e774eb4 updateMask=status%2Cconfig
[debug] [2026-08-09T14:08:29.127Z] >>> [apiv2][body] PATCH https://firebasehosting.googleapis.com/v1beta1/projects/-/sites/ball-of-duty-hq/versions/601dcafd5e774eb4 {"status":"FINALIZED","config":{"rewrites":[{"glob":"**","path":"/index.html"}]}}
[debug] [2026-08-09T14:08:30.659Z] <<< [apiv2][status] PATCH https://firebasehosting.googleapis.com/v1beta1/projects/-/sites/ball-of-duty-hq/versions/601dcafd5e774eb4 200
[debug] [2026-08-09T14:08:30.659Z] <<< [apiv2][body] PATCH https://firebasehosting.googleapis.com/v1beta1/projects/-/sites/ball-of-duty-hq/versions/601dcafd5e774eb4 {"name":"projects/314051599258/sites/ball-of-duty-hq/versions/601dcafd5e774eb4","status":"FINALIZED","config":{"rewrites":[{"glob":"**","path":"/index.html"}]},"labels":{"deployment-tool":"cli-firebase"},"createTime":"2026-08-09T14:08:26.129568Z","createUser":{"email":"mr.csocsics@gmail.com"},"finalizeTime":"2026-08-09T14:08:32.754397Z","finalizeUser":{"email":"mr.csocsics@gmail.com"}}
[debug] [2026-08-09T14:08:30.659Z] [hosting] finalized version for ball-of-duty-hq:[object Object]
[info] +  hosting[ball-of-duty-hq]: version finalized 
[info] i  hosting[ball-of-duty-hq]: releasing new version... 
[debug] [2026-08-09T14:08:30.659Z] Checked if tokens are valid: true, expires at: 1786288098579
[debug] [2026-08-09T14:08:30.659Z] Checked if tokens are valid: true, expires at: 1786288098579
[debug] [2026-08-09T14:08:30.659Z] >>> [apiv2][query] POST https://firebasehosting.googleapis.com/v1beta1/projects/-/sites/ball-of-duty-hq/channels/live/releases versionName=projects%2F314051599258%2Fsites%2Fball-of-duty-hq%2Fversions%2F601dcafd5e774eb4
[debug] [2026-08-09T14:08:30.659Z] >>> [apiv2][body] POST https://firebasehosting.googleapis.com/v1beta1/projects/-/sites/ball-of-duty-hq/channels/live/releases {}
[debug] [2026-08-09T14:08:32.080Z] <<< [apiv2][status] POST https://firebasehosting.googleapis.com/v1beta1/projects/-/sites/ball-of-duty-hq/channels/live/releases 200
[debug] [2026-08-09T14:08:32.080Z] <<< [apiv2][body] POST https://firebasehosting.googleapis.com/v1beta1/projects/-/sites/ball-of-duty-hq/channels/live/releases {"name":"projects/314051599258/sites/ball-of-duty-hq/channels/live/releases/1786284513221000","version":{"name":"projects/314051599258/sites/ball-of-duty-hq/versions/601dcafd5e774eb4","status":"FINALIZED","config":{"rewrites":[{"glob":"**","path":"/index.html"}]},"labels":{"deployment-tool":"cli-firebase"},"createTime":"2026-08-09T14:08:26.129568Z","createUser":{"email":"mr.csocsics@gmail.com","imageUrl":"https://lh3.googleusercontent.com/a/ACg8ocIxNTph7K1UbdrbLlqMPLDLLxPA2PgbAv5CUOcgXJ6IiL3Sag=mo"},"finalizeTime":"2026-08-09T14:08:32.754397Z","finalizeUser":{"email":"mr.csocsics@gmail.com","imageUrl":"https://lh3.googleusercontent.com/a/ACg8ocIxNTph7K1UbdrbLlqMPLDLLxPA2PgbAv5CUOcgXJ6IiL3Sag=mo"}},"type":"DEPLOY","releaseTime":"2026-08-09T14:08:33.221Z","releaseUser":{"email":"mr.csocsics@gmail.com","imageUrl":"https://lh3.googleusercontent.com/a/ACg8ocIxNTph7K1UbdrbLlqMPLDLLxPA2PgbAv5CUOcgXJ6IiL3Sag=mo"}}
[debug] [2026-08-09T14:08:32.080Z] [hosting] release: {"name":"projects/314051599258/sites/ball-of-duty-hq/channels/live/releases/1786284513221000","version":{"name":"projects/314051599258/sites/ball-of-duty-hq/versions/601dcafd5e774eb4","status":"FINALIZED","config":{"rewrites":[{"glob":"**","path":"/index.html"}]},"labels":{"deployment-tool":"cli-firebase"},"createTime":"2026-08-09T14:08:26.129568Z","createUser":{"email":"mr.csocsics@gmail.com","imageUrl":"https://lh3.googleusercontent.com/a/ACg8ocIxNTph7K1UbdrbLlqMPLDLLxPA2PgbAv5CUOcgXJ6IiL3Sag=mo"},"finalizeTime":"2026-08-09T14:08:32.754397Z","finalizeUser":{"email":"mr.csocsics@gmail.com","imageUrl":"https://lh3.googleusercontent.com/a/ACg8ocIxNTph7K1UbdrbLlqMPLDLLxPA2PgbAv5CUOcgXJ6IiL3Sag=mo"}},"type":"DEPLOY","releaseTime":"2026-08-09T14:08:33.221Z","releaseUser":{"email":"mr.csocsics@gmail.com","imageUrl":"https://lh3.googleusercontent.com/a/ACg8ocIxNTph7K1UbdrbLlqMPLDLLxPA2PgbAv5CUOcgXJ6IiL3Sag=mo"}}
[info] +  hosting[ball-of-duty-hq]: release complete 
[info] 
[info] +  Deploy complete! 
[info] 
[info] Project Console: https://console.firebase.google.com/project/ball-of-duty-hq/overview
[info] Hosting URL: https://ball-of-duty-hq.web.app
[debug] [2026-08-09T14:18:20.402Z] ----------------------------------------------------------------------
[debug] [2026-08-09T14:18:20.403Z] Command:       C:\Program Files\nodejs\node.exe C:\Users\mrcso\AppData\Roaming\npm\node_modules\firebase-tools\lib\bin\firebase.js deploy --only hosting --project ball-of-duty-hq
[debug] [2026-08-09T14:18:20.403Z] CLI Version:   15.26.0
[debug] [2026-08-09T14:18:20.403Z] Platform:      win32
[debug] [2026-08-09T14:18:20.404Z] Node Version:  v24.15.0
[debug] [2026-08-09T14:18:20.404Z] Detected Agent: codex_cli
[debug] [2026-08-09T14:18:20.404Z] Time:          Sun Aug 09 2026 16:18:20 GMT+0200 (közép-európai nyári idő)
[debug] [2026-08-09T14:18:20.404Z] ----------------------------------------------------------------------
[debug] 
[debug] [2026-08-09T14:18:21.210Z] > command requires scopes: ["email","openid","https://www.googleapis.com/auth/cloudplatformprojects.readonly","https://www.googleapis.com/auth/firebase","https://www.googleapis.com/auth/cloud-platform"]
[debug] [2026-08-09T14:18:21.210Z] > authorizing via signed-in user (mr.csocsics@gmail.com)
[debug] [2026-08-09T14:18:21.210Z] [iam] checking project ball-of-duty-hq for permissions ["firebase.projects.get","firebasehosting.sites.update"]
[debug] [2026-08-09T14:18:21.218Z] Checked if tokens are valid: true, expires at: 1786288098579
[debug] [2026-08-09T14:18:21.218Z] Checked if tokens are valid: true, expires at: 1786288098579
[debug] [2026-08-09T14:18:21.219Z] >>> [apiv2][query] POST https://cloudresourcemanager.googleapis.com/v1/projects/ball-of-duty-hq:testIamPermissions [none]
[debug] [2026-08-09T14:18:21.219Z] >>> [apiv2][(partial)header] POST https://cloudresourcemanager.googleapis.com/v1/projects/ball-of-duty-hq:testIamPermissions  x-goog-user-project=ball-of-duty-hq
[debug] [2026-08-09T14:18:21.219Z] >>> [apiv2][body] POST https://cloudresourcemanager.googleapis.com/v1/projects/ball-of-duty-hq:testIamPermissions {"permissions":["firebase.projects.get","firebasehosting.sites.update"]}
[debug] [2026-08-09T14:18:22.214Z] <<< [apiv2][status] POST https://cloudresourcemanager.googleapis.com/v1/projects/ball-of-duty-hq:testIamPermissions 200
[debug] [2026-08-09T14:18:22.214Z] <<< [apiv2][body] POST https://cloudresourcemanager.googleapis.com/v1/projects/ball-of-duty-hq:testIamPermissions {"permissions":["firebase.projects.get","firebasehosting.sites.update"]}
[debug] [2026-08-09T14:18:22.214Z] Checked if tokens are valid: true, expires at: 1786288098579
[debug] [2026-08-09T14:18:22.214Z] Checked if tokens are valid: true, expires at: 1786288098579
[debug] [2026-08-09T14:18:22.215Z] >>> [apiv2][query] GET https://firebase.googleapis.com/v1beta1/projects/ball-of-duty-hq [none]
[debug] [2026-08-09T14:18:22.619Z] <<< [apiv2][status] GET https://firebase.googleapis.com/v1beta1/projects/ball-of-duty-hq 200
[debug] [2026-08-09T14:18:22.619Z] <<< [apiv2][body] GET https://firebase.googleapis.com/v1beta1/projects/ball-of-duty-hq {"projectId":"ball-of-duty-hq","projectNumber":"314051599258","displayName":"Ball of Duty HQ","name":"projects/ball-of-duty-hq","resources":{"hostingSite":"ball-of-duty-hq","realtimeDatabaseInstance":"ball-of-duty-hq-default-rtdb"},"state":"ACTIVE","labels":{"firebase":"enabled"},"etag":"1_b6702439-0a9e-48ff-8f05-a8587da38dd8"}
[info] 
[info] === Deploying to 'ball-of-duty-hq'...
[info] 
[info] i  deploying hosting 
[debug] [2026-08-09T14:18:22.620Z] Checked if tokens are valid: true, expires at: 1786288098579
[debug] [2026-08-09T14:18:22.621Z] Checked if tokens are valid: true, expires at: 1786288098579
[debug] [2026-08-09T14:18:22.621Z] >>> [apiv2][query] GET https://firebasehosting.googleapis.com/v1beta1/projects/ball-of-duty-hq/sites/ball-of-duty-hq [none]
[debug] [2026-08-09T14:18:23.813Z] <<< [apiv2][status] GET https://firebasehosting.googleapis.com/v1beta1/projects/ball-of-duty-hq/sites/ball-of-duty-hq 200
[debug] [2026-08-09T14:18:23.813Z] <<< [apiv2][body] GET https://firebasehosting.googleapis.com/v1beta1/projects/ball-of-duty-hq/sites/ball-of-duty-hq {"name":"projects/ball-of-duty-hq/sites/ball-of-duty-hq","defaultUrl":"https://ball-of-duty-hq.web.app","appId":"1:314051599258:web:8b1732ebf9aaadc9b4b823","type":"DEFAULT_SITE"}
[debug] [2026-08-09T14:18:23.817Z] Checked if tokens are valid: true, expires at: 1786288098579
[debug] [2026-08-09T14:18:23.817Z] Checked if tokens are valid: true, expires at: 1786288098579
[debug] [2026-08-09T14:18:23.817Z] >>> [apiv2][query] POST https://firebasehosting.googleapis.com/v1beta1/projects/-/sites/ball-of-duty-hq/versions [none]
[debug] [2026-08-09T14:18:23.817Z] >>> [apiv2][body] POST https://firebasehosting.googleapis.com/v1beta1/projects/-/sites/ball-of-duty-hq/versions {"status":"CREATED","labels":{"deployment-tool":"cli-firebase"}}
[debug] [2026-08-09T14:18:26.136Z] <<< [apiv2][status] POST https://firebasehosting.googleapis.com/v1beta1/projects/-/sites/ball-of-duty-hq/versions 200
[debug] [2026-08-09T14:18:26.136Z] <<< [apiv2][body] POST https://firebasehosting.googleapis.com/v1beta1/projects/-/sites/ball-of-duty-hq/versions {"name":"projects/314051599258/sites/ball-of-duty-hq/versions/ede6718f680f03b2","status":"CREATED","config":{},"labels":{"deployment-tool":"cli-firebase"}}
[info] i  hosting[ball-of-duty-hq]: beginning deploy... 
[info] i  hosting[ball-of-duty-hq]: found 7 files in dist 
[debug] [2026-08-09T14:18:26.143Z] [hosting] uploading with 200 concurrency
[debug] [2026-08-09T14:18:26.159Z] Checked if tokens are valid: true, expires at: 1786288098579
[debug] [2026-08-09T14:18:26.159Z] Checked if tokens are valid: true, expires at: 1786288098579
[debug] [2026-08-09T14:18:26.160Z] [hosting] hash cache [ZGlzdA] stored for 7 files
[debug] [2026-08-09T14:18:26.161Z] [hosting][hash queue][FINAL] {"max":14,"min":0,"avg":2.7142857142857144,"active":0,"complete":7,"success":7,"errored":0,"retried":0,"total":7,"elapsed":17}
[debug] [2026-08-09T14:18:26.161Z] >>> [apiv2][query] POST https://firebasehosting.googleapis.com/v1beta1/projects/314051599258/sites/ball-of-duty-hq/versions/ede6718f680f03b2:populateFiles [none]
[debug] [2026-08-09T14:18:26.161Z] >>> [apiv2][body] POST https://firebasehosting.googleapis.com/v1beta1/projects/314051599258/sites/ball-of-duty-hq/versions/ede6718f680f03b2:populateFiles {"files":{"/assets/brand/bod-dashboard-banner-v3.png":"6987dbc609981b3a9f017d3541e21550ab8cab318a9a34169b58e37f2f0094e0","/assets/brand/bod-dashboard-banner-v2.png":"018ae69ee2353491547e6e20e03e65979e5572c4050b4602c925bc4261a83bad","/assets/brand/bod-crest-v3.png":"f8e4fa8ed0384d1e2b4908d76681b386c7f238386cf799bb538dac0fc6fdcdcf","/assets/brand/bod-crest-v2.png":"42f88f1b9c07994106c9edbd6f12a1288631cff6c6c776c736813894690c77ae","/index.html":"43ec54e72a4809e64d686338bf11f499f529688b80004bb6668c8d14a6e7c524","/assets/index-Dtz_XAgU.css":"1dd82043d2435f753e191579c3c943c8338ac824ea540c0d45f816184f0817d7","/assets/index-DRhhYDZu.js":"81b0536a8aef3f01f2cf51862b1bf5c1ec3ca22bd372c96e0be568eb3b10e54f"}}
[debug] [2026-08-09T14:18:27.398Z] <<< [apiv2][status] POST https://firebasehosting.googleapis.com/v1beta1/projects/314051599258/sites/ball-of-duty-hq/versions/ede6718f680f03b2:populateFiles 200
[debug] [2026-08-09T14:18:27.398Z] <<< [apiv2][body] POST https://firebasehosting.googleapis.com/v1beta1/projects/314051599258/sites/ball-of-duty-hq/versions/ede6718f680f03b2:populateFiles {"uploadRequiredHashes":["43ec54e72a4809e64d686338bf11f499f529688b80004bb6668c8d14a6e7c524","1dd82043d2435f753e191579c3c943c8338ac824ea540c0d45f816184f0817d7","81b0536a8aef3f01f2cf51862b1bf5c1ec3ca22bd372c96e0be568eb3b10e54f"],"uploadUrl":"https://upload-firebasehosting.googleapis.com/upload/sites/ball-of-duty-hq/versions/ede6718f680f03b2/files"}
[debug] [2026-08-09T14:18:27.399Z] Checked if tokens are valid: true, expires at: 1786288098579
[debug] [2026-08-09T14:18:27.399Z] Checked if tokens are valid: true, expires at: 1786288098579
[debug] [2026-08-09T14:18:27.399Z] Checked if tokens are valid: true, expires at: 1786288098579
[debug] [2026-08-09T14:18:27.399Z] Checked if tokens are valid: true, expires at: 1786288098579
[debug] [2026-08-09T14:18:27.399Z] Checked if tokens are valid: true, expires at: 1786288098579
[debug] [2026-08-09T14:18:27.399Z] Checked if tokens are valid: true, expires at: 1786288098579
[debug] [2026-08-09T14:18:27.399Z] >>> [apiv2][query] POST https://upload-firebasehosting.googleapis.com/upload/sites/ball-of-duty-hq/versions/ede6718f680f03b2/files/43ec54e72a4809e64d686338bf11f499f529688b80004bb6668c8d14a6e7c524 [none]
[debug] [2026-08-09T14:18:27.399Z] >>> [apiv2][body] POST https://upload-firebasehosting.googleapis.com/upload/sites/ball-of-duty-hq/versions/ede6718f680f03b2/files/43ec54e72a4809e64d686338bf11f499f529688b80004bb6668c8d14a6e7c524 [stream]
[debug] [2026-08-09T14:18:27.400Z] >>> [apiv2][query] POST https://upload-firebasehosting.googleapis.com/upload/sites/ball-of-duty-hq/versions/ede6718f680f03b2/files/1dd82043d2435f753e191579c3c943c8338ac824ea540c0d45f816184f0817d7 [none]
[debug] [2026-08-09T14:18:27.400Z] >>> [apiv2][body] POST https://upload-firebasehosting.googleapis.com/upload/sites/ball-of-duty-hq/versions/ede6718f680f03b2/files/1dd82043d2435f753e191579c3c943c8338ac824ea540c0d45f816184f0817d7 [stream]
[debug] [2026-08-09T14:18:27.400Z] >>> [apiv2][query] POST https://upload-firebasehosting.googleapis.com/upload/sites/ball-of-duty-hq/versions/ede6718f680f03b2/files/81b0536a8aef3f01f2cf51862b1bf5c1ec3ca22bd372c96e0be568eb3b10e54f [none]
[debug] [2026-08-09T14:18:27.400Z] >>> [apiv2][body] POST https://upload-firebasehosting.googleapis.com/upload/sites/ball-of-duty-hq/versions/ede6718f680f03b2/files/81b0536a8aef3f01f2cf51862b1bf5c1ec3ca22bd372c96e0be568eb3b10e54f [stream]
[debug] [2026-08-09T14:18:27.401Z] [hosting][populate queue][FINAL] {"max":1240,"min":1240,"avg":1240,"active":0,"complete":1,"success":1,"errored":0,"retried":0,"total":1,"elapsed":1242}
[debug] [2026-08-09T14:18:27.401Z] [hosting] uploads queued: 3
[info] i  hosting: uploading new files [0/3] (0%) 
[debug] [2026-08-09T14:18:28.410Z] <<< [apiv2][status] POST https://upload-firebasehosting.googleapis.com/upload/sites/ball-of-duty-hq/versions/ede6718f680f03b2/files/1dd82043d2435f753e191579c3c943c8338ac824ea540c0d45f816184f0817d7 200
[debug] [2026-08-09T14:18:28.410Z] <<< [apiv2][body] POST https://upload-firebasehosting.googleapis.com/upload/sites/ball-of-duty-hq/versions/ede6718f680f03b2/files/1dd82043d2435f753e191579c3c943c8338ac824ea540c0d45f816184f0817d7 [stream]
[debug] [2026-08-09T14:18:28.621Z] <<< [apiv2][status] POST https://upload-firebasehosting.googleapis.com/upload/sites/ball-of-duty-hq/versions/ede6718f680f03b2/files/43ec54e72a4809e64d686338bf11f499f529688b80004bb6668c8d14a6e7c524 200
[debug] [2026-08-09T14:18:28.621Z] <<< [apiv2][body] POST https://upload-firebasehosting.googleapis.com/upload/sites/ball-of-duty-hq/versions/ede6718f680f03b2/files/43ec54e72a4809e64d686338bf11f499f529688b80004bb6668c8d14a6e7c524 [stream]
[debug] [2026-08-09T14:18:28.624Z] <<< [apiv2][status] POST https://upload-firebasehosting.googleapis.com/upload/sites/ball-of-duty-hq/versions/ede6718f680f03b2/files/81b0536a8aef3f01f2cf51862b1bf5c1ec3ca22bd372c96e0be568eb3b10e54f 200
[debug] [2026-08-09T14:18:28.624Z] <<< [apiv2][body] POST https://upload-firebasehosting.googleapis.com/upload/sites/ball-of-duty-hq/versions/ede6718f680f03b2/files/81b0536a8aef3f01f2cf51862b1bf5c1ec3ca22bd372c96e0be568eb3b10e54f [stream]
[debug] [2026-08-09T14:18:28.624Z] [hosting][upload queue][FINAL] {"max":1225,"min":1011,"avg":1153,"active":0,"complete":3,"success":3,"errored":0,"retried":0,"total":3,"elapsed":1226}
[info] i  hosting: upload complete 
[info] +  hosting[ball-of-duty-hq]: file upload complete 
[debug] [2026-08-09T14:18:28.624Z] [hosting] deploy completed after 2486ms
[debug] [2026-08-09T14:18:28.625Z] [
  {
    "config": {
      "public": "dist",
      "ignore": [
        "firebase.json",
        "**/.*",
        "**/node_modules/**"
      ],
      "rewrites": [
        {
          "source": "**",
          "destination": "/index.html"
        }
      ],
      "site": "ball-of-duty-hq"
    },
    "version": "projects/314051599258/sites/ball-of-duty-hq/versions/ede6718f680f03b2"
  }
]
[info] i  hosting[ball-of-duty-hq]: finalizing version... 
[debug] [2026-08-09T14:18:28.625Z] Checked if tokens are valid: true, expires at: 1786288098579
[debug] [2026-08-09T14:18:28.625Z] Checked if tokens are valid: true, expires at: 1786288098579
[debug] [2026-08-09T14:18:28.625Z] >>> [apiv2][query] PATCH https://firebasehosting.googleapis.com/v1beta1/projects/-/sites/ball-of-duty-hq/versions/ede6718f680f03b2 updateMask=status%2Cconfig
[debug] [2026-08-09T14:18:28.625Z] >>> [apiv2][body] PATCH https://firebasehosting.googleapis.com/v1beta1/projects/-/sites/ball-of-duty-hq/versions/ede6718f680f03b2 {"status":"FINALIZED","config":{"rewrites":[{"glob":"**","path":"/index.html"}]}}
[debug] [2026-08-09T14:18:30.243Z] <<< [apiv2][status] PATCH https://firebasehosting.googleapis.com/v1beta1/projects/-/sites/ball-of-duty-hq/versions/ede6718f680f03b2 200
[debug] [2026-08-09T14:18:30.243Z] <<< [apiv2][body] PATCH https://firebasehosting.googleapis.com/v1beta1/projects/-/sites/ball-of-duty-hq/versions/ede6718f680f03b2 {"name":"projects/314051599258/sites/ball-of-duty-hq/versions/ede6718f680f03b2","status":"FINALIZED","config":{"rewrites":[{"glob":"**","path":"/index.html"}]},"labels":{"deployment-tool":"cli-firebase"},"createTime":"2026-08-09T14:18:26.692904Z","createUser":{"email":"mr.csocsics@gmail.com"},"finalizeTime":"2026-08-09T14:18:32.344859Z","finalizeUser":{"email":"mr.csocsics@gmail.com"}}
[debug] [2026-08-09T14:18:30.243Z] [hosting] finalized version for ball-of-duty-hq:[object Object]
[info] +  hosting[ball-of-duty-hq]: version finalized 
[info] i  hosting[ball-of-duty-hq]: releasing new version... 
[debug] [2026-08-09T14:18:30.243Z] Checked if tokens are valid: true, expires at: 1786288098579
[debug] [2026-08-09T14:18:30.243Z] Checked if tokens are valid: true, expires at: 1786288098579
[debug] [2026-08-09T14:18:30.243Z] >>> [apiv2][query] POST https://firebasehosting.googleapis.com/v1beta1/projects/-/sites/ball-of-duty-hq/channels/live/releases versionName=projects%2F314051599258%2Fsites%2Fball-of-duty-hq%2Fversions%2Fede6718f680f03b2
[debug] [2026-08-09T14:18:30.243Z] >>> [apiv2][body] POST https://firebasehosting.googleapis.com/v1beta1/projects/-/sites/ball-of-duty-hq/channels/live/releases {}
[debug] [2026-08-09T14:18:31.676Z] <<< [apiv2][status] POST https://firebasehosting.googleapis.com/v1beta1/projects/-/sites/ball-of-duty-hq/channels/live/releases 200
[debug] [2026-08-09T14:18:31.676Z] <<< [apiv2][body] POST https://firebasehosting.googleapis.com/v1beta1/projects/-/sites/ball-of-duty-hq/channels/live/releases {"name":"projects/314051599258/sites/ball-of-duty-hq/channels/live/releases/1786285112819000","version":{"name":"projects/314051599258/sites/ball-of-duty-hq/versions/ede6718f680f03b2","status":"FINALIZED","config":{"rewrites":[{"glob":"**","path":"/index.html"}]},"labels":{"deployment-tool":"cli-firebase"},"createTime":"2026-08-09T14:18:26.692904Z","createUser":{"email":"mr.csocsics@gmail.com","imageUrl":"https://lh3.googleusercontent.com/a/ACg8ocIxNTph7K1UbdrbLlqMPLDLLxPA2PgbAv5CUOcgXJ6IiL3Sag=mo"},"finalizeTime":"2026-08-09T14:18:32.344859Z","finalizeUser":{"email":"mr.csocsics@gmail.com","imageUrl":"https://lh3.googleusercontent.com/a/ACg8ocIxNTph7K1UbdrbLlqMPLDLLxPA2PgbAv5CUOcgXJ6IiL3Sag=mo"}},"type":"DEPLOY","releaseTime":"2026-08-09T14:18:32.819Z","releaseUser":{"email":"mr.csocsics@gmail.com","imageUrl":"https://lh3.googleusercontent.com/a/ACg8ocIxNTph7K1UbdrbLlqMPLDLLxPA2PgbAv5CUOcgXJ6IiL3Sag=mo"}}
[debug] [2026-08-09T14:18:31.676Z] [hosting] release: {"name":"projects/314051599258/sites/ball-of-duty-hq/channels/live/releases/1786285112819000","version":{"name":"projects/314051599258/sites/ball-of-duty-hq/versions/ede6718f680f03b2","status":"FINALIZED","config":{"rewrites":[{"glob":"**","path":"/index.html"}]},"labels":{"deployment-tool":"cli-firebase"},"createTime":"2026-08-09T14:18:26.692904Z","createUser":{"email":"mr.csocsics@gmail.com","imageUrl":"https://lh3.googleusercontent.com/a/ACg8ocIxNTph7K1UbdrbLlqMPLDLLxPA2PgbAv5CUOcgXJ6IiL3Sag=mo"},"finalizeTime":"2026-08-09T14:18:32.344859Z","finalizeUser":{"email":"mr.csocsics@gmail.com","imageUrl":"https://lh3.googleusercontent.com/a/ACg8ocIxNTph7K1UbdrbLlqMPLDLLxPA2PgbAv5CUOcgXJ6IiL3Sag=mo"}},"type":"DEPLOY","releaseTime":"2026-08-09T14:18:32.819Z","releaseUser":{"email":"mr.csocsics@gmail.com","imageUrl":"https://lh3.googleusercontent.com/a/ACg8ocIxNTph7K1UbdrbLlqMPLDLLxPA2PgbAv5CUOcgXJ6IiL3Sag=mo"}}
[info] +  hosting[ball-of-duty-hq]: release complete 
[info] 
[info] +  Deploy complete! 
[info] 
[info] Project Console: https://console.firebase.google.com/project/ball-of-duty-hq/overview
[info] Hosting URL: https://ball-of-duty-hq.web.app
